case,lowest_lumbar_label,axcodes,tp_height_left_mm,tp_height_right_mm,tp_height_slab_left_mm,tp_height_slab_right_mm,tp_tip_components_left,tp_tip_components_right,labels_present,n_voxels_fg,error
0001,24,PIR,14.4,14.4,14.4,14.4,1,1,0 14 15 16 17 18 19 20 21 22 23 24 26 29 30 31 32 33 39 40 41 42 43 44 45 50 51 52 53 54 55 56 57,3473820,
0003,24,PIR,18.4,18.4,18.4,18.4,1,1,0 13 14 15 16 17 18 19 20 21 22 23 24 26 29 30 31 32 33 39 40 41 42 43 44 45 51 52 53 54 55 56 57,5428868,
0004,24,PIR,14.4,17.6,14.4,17.6,1,1,0 11 12 13 14 15 16 17 18 19 20 21 22 23 24 26 29 30 31 32 33 37 38 39 40 41 42 43 44 45 49 50 51 52 53 54 55 56 57,4994150,
0005,25,PIR,25.6,25.6,25.6,25.6,1,1,0 16 17 18 19 20 21 22 23 24 25 26 29 30 31 32 33 39 40 41 42 43 44 45 51 52 53 54 55 56 57,3773811,
0007,24,PIR,17.0,16.0,17.0,16.0,1,1,0 16 17 18 19 20 21 22 23 24 26 29 30 31 32 33 39 40 41 42 43 44 45 51 52 53 54 55 56 57,5424719,
0008,24,PIR,15.0,11.0,15.0,15.0,1,2,0 17 18 19 20 21 22 23 24 26 29 30 31 32 33 40 41 42 43 44 45 52 53 54 55 56 57 74 75,4444890,
0010,24,PIR,20.0,16.8,20.0,16.8,1,1,0 14 17 18 19 20 21 22 23 24 26 29 30 31 32 33 40 41 42 43 44 45 52 53 54 55 56 57,3846250,
0012,24,PIR,20.0,22.4,20.0,22.4,1,1,0 13 14 15 16 17 18 19 20 21 22 23 24 26 29 30 31 32 33 38 39 40 41 42 43 44 45 50 51 52 53 54 55 56 57,4151552,
0014,24,PIR,15.0,15.0,15.0,15.0,1,1,0 16 17 18 19 20 21 22 23 24 26 29 30 31 32 33 40 41 42 43 44 45 51 52 53 54 55 56 57,3152763,
0016,24,PIR,16.0,13.6,16.0,13.6,1,1,0 15 16 17 18 19 20 21 22 23 24 26 29 30 31 32 33 38 39 40 41 42 43 44 45 50 51 52 53 54 55 56 57,6222747,
0017,24,PIR,14.4,15.2,14.4,15.2,1,1,0 15 16 17 18 19 20 21 22 23 24 26 29 30 31 32 33 39 40 41 42 43 44 45 51 52 53 54 55 56 57,2694689,
0018,24,PIR,15.2,16.8,34.4,16.8,3,1,0 16 17 18 19 20 21 22 23 24 26 29 30 31 32 33 38 39 40 41 42 43 44 45 50 51 52 53 54 55 56 57,3669091,
0019,24,PIR,16.0,15.2,16.0,15.2,1,1,0 16 17 18 19 20 21 22 23 24 26 29 30 31 32 33 39 40 41 42 43 44 45 51 52 53 54 55 56 57,3154118,
0020,24,PIR,12.8,9.6,12.8,9.6,1,1,0 14 15 16 17 18 19 20 21 22 23 24 26 29 30 31 32 33 38 39 40 41 42 43 44 45 50 51 52 53 54 55 56 57,3573346,
0021,24,PIR,8.8,15.2,10.4,15.2,2,1,0 16 17 18 19 20 21 22 23 24 26 29 30 31 32 33 40 41 42 43 44 45 52 53 54 55 56 57,4462662,
0023,24,PIR,12.8,15.2,12.8,15.2,1,1,0 15 16 17 18 19 20 21 22 23 24 26 29 30 31 32 33 40 41 42 43 44 45 52 53 54 55 56 57,3668959,
0024,24,PIR,17.6,14.4,17.6,14.4,1,1,0 17 18 19 20 21 22 23 24 26 29 30 31 32 33 39 40 41 42 43 44 45 51 52 53 54 55 56 57,4942712,
0025,24,PIR,19.2,17.6,19.2,17.6,1,1,0 15 16 17 18 19 20 21 22 23 24 26 29 30 31 32 33 39 40 41 42 43 44 45 51 52 53 54 55 56 57,4381753,
0027,24,PIR,16.0,15.2,16.0,15.2,1,1,0 1 17 18 19 20 21 22 23 24 26 29 30 31 32 33 39 40 41 42 43 44 45 51 52 53 54 55 56 57,4740422,
0029,24,PIR,17.6,16.8,17.6,16.8,1,1,0 15 16 17 18 19 20 21 22 23 24 26 29 30 31 32 33 38 39 40 41 42 43 44 45 50 51 52 53 54 55 56 57,5751421,
0031,24,PIR,20.0,20.0,20.0,20.0,1,1,0 15 16 17 18 19 20 21 22 23 24 26 29 30 31 32 33 39 40 41 42 43 44 45 51 52 53 54 55 56 57,3913668,
0033,25,PIR,31.2,20.0,31.2,20.0,1,1,0 16 17 18 19 20 21 22 23 24 25 26 29 30 31 32 33 37 38 39 40 41 42 43 44 45 49 50 51 52 53 54 55 56 57,3412434,
0034,24,PIR,12.0,14.4,12.0,14.4,1,1,0 15 16 17 18 19 20 21 22 23 24 26 29 30 31 32 33 38 39 40 41 42 43 44 45 50 51 52 53 54 55 56 57,2853965,
0036,24,PIR,13.6,14.4,13.6,14.4,1,1,0 16 17 18 19 20 21 22 23 24 26 29 30 31 32 33 39 40 41 42 43 44 45 50 51 52 53 54 55 56 57,3486363,
0038,24,PIR,21.6,16.8,50.4,40.8,5,4,0 15 16 17 18 19 20 21 22 23 24 26 29 30 31 32 33 38 39 40 41 42 43 44 45 50 51 52 53 54 55 56 57,4459011,
0039,24,PIR,17.6,20.8,17.6,20.8,1,1,0 14 15 16 17 18 19 20 21 22 23 24 26 29 30 31 32 33 38 39 40 41 42 43 44 45 50 51 52 53 54 55 56 57,4465623,
0041,24,PIR,19.2,20.8,19.2,20.8,1,1,0 15 16 17 18 19 20 21 22 23 24 26 29 30 31 32 33 39 40 41 42 43 44 45 51 52 53 54 55 56 57,2368002,
0043,24,PIR,20.0,16.0,20.0,16.0,1,1,0 15 16 17 18 19 20 21 22 23 24 26 29 30 31 32 33 38 39 40 41 42 43 44 45 50 51 52 53 54 55 56 57,4021737,
0044,24,PIR,20.0,20.0,20.0,25.6,1,2,0 13 14 15 16 17 18 19 20 21 22 23 24 26 29 30 31 32 33 38 39 40 41 42 43 44 45 50 51 52 53 54 55 56 57,4436888,
0045,24,PIR,20.0,16.0,20.0,16.0,1,1,0 15 16 17 18 19 20 21 22 23 24 26 29 30 31 32 33 39 40 41 42 43 44 45 51 52 53 54 55 56 57,4291336,
0047,24,PIR,16.8,15.2,16.8,15.2,1,1,0 16 17 18 19 20 21 22 23 24 26 29 30 31 32 33 38 39 40 41 42 43 44 45 51 52 53 54 55 56 57,4397097,
0049,24,PIR,12.8,12.0,36.0,19.2,2,3,0 16 17 18 19 20 21 22 23 24 26 29 30 31 32 33 40 41 42 43 44 45 51 52 53 54 55 56 57,3243999,
0050,24,PIR,19.2,17.6,19.2,17.6,1,1,0 16 17 18 19 20 21 22 23 24 26 29 30 31 32 33 40 41 42 43 44 45 52 53 54 55 56 57,3878486,
0051,24,PIR,17.6,18.4,17.6,18.4,1,1,0 16 17 18 19 20 21 22 23 24 26 29 30 31 32 33 39 40 41 42 43 44 45 50 51 52 53 54 55 56 57,4671303,
0053,24,PIR,18.4,16.0,18.4,16.0,1,1,0 15 16 17 18 19 20 21 22 23 24 26 29 30 31 32 33 39 40 41 42 43 44 45 50 51 52 53 54 55 56 57,4350906,
0055,24,PIR,31.2,19.2,31.2,19.2,1,1,0 15 16 17 18 19 20 21 22 23 24 26 29 30 31 32 33 39 40 41 42 43 44 45 51 52 53 54 55 56 57,3332991,
0056,24,PIR,16.8,16.8,16.8,16.8,1,1,0 16 17 18 19 20 21 22 23 24 26 29 30 31 32 33 38 39 40 41 42 43 44 45 50 51 52 53 54 55 56 57,3236485,
0058,24,PIR,15.2,16.0,15.2,16.0,1,1,0 13 14 15 16 17 18 19 20 21 22 23 24 26 29 30 31 32 33 37 38 39 40 41 42 43 44 45 49 50 51 52 53 54 55 56 57,4255368,
0059,24,PIR,14.4,15.2,14.4,15.2,1,1,0 13 14 15 16 17 18 19 20 21 22 23 24 26 29 30 31 32 33 38 39 40 41 42 43 44 45 50 51 52 53 54 55 56 57,3224486,
0060,24,PIR,20.0,17.6,20.0,17.6,1,1,0 13 14 15 16 17 18 19 20 21 22 23 24 26 29 30 31 32 33 38 39 40 41 42 43 44 45 50 51 52 53 54 55 56 57,4742415,
0061,24,PIR,16.0,16.0,16.0,16.0,1,1,0 14 15 16 17 18 19 20 21 22 23 24 26 29 30 31 32 33 39 40 41 42 43 44 45 51 52 53 54 55 56 57,4584909,
0062,24,PIR,12.8,13.6,12.8,13.6,1,1,0 16 17 18 19 20 21 22 23 24 26 29 30 31 32 33 39 40 41 42 43 44 45 52 53 54 55 56 57,5728605,
0064,24,PIR,16.0,19.2,16.0,19.2,1,1,0 14 15 16 17 18 19 20 21 22 23 24 26 29 30 31 32 33 38 39 40 41 42 43 44 45 50 51 52 53 54 55 56 57,3577424,
0065,24,PIR,18.4,19.2,18.4,19.2,1,1,0 17 18 19 20 21 22 23 24 26 29 30 31 32 33 39 40 41 42 43 44 45 51 52 53 54 55 56 57,3705782,
0067,24,PIR,15.2,18.4,15.2,27.2,1,2,0 17 18 19 20 21 22 23 24 26 29 30 31 32 33 41 42 43 44 45 53 54 55 56 57,3987742,
0068,24,PIR,24.0,24.0,24.0,24.0,2,1,0 20 21 22 23 24 26 29 30 31 32 33 40 41 42 43 44 45 50 51 52 53 54 55 56 57,4367448,
0069,24,PIR,16.8,12.8,16.8,12.8,1,1,0 16 17 18 19 20 21 22 23 24 26 29 30 31 32 33 40 41 42 43 44 45 52 53 54 55 56 57,3403313,
0070,24,PIR,20.8,16.0,20.8,16.0,1,1,0 15 16 17 18 19 20 21 22 23 24 26 29 30 31 32 33 39 40 41 42 43 44 45 51 52 53 54 55 56 57,3781786,
0072,24,PIR,17.6,14.4,17.6,14.4,1,1,0 13 14 15 16 17 18 19 20 21 22 23 24 26 29 30 31 32 33 38 39 40 41 42 43 44 45 49 50 51 52 53 54 55 56 57,3960147,
0073,24,PIR,14.4,16.0,14.4,16.0,1,1,0 14 15 16 17 18 19 20 21 22 23 24 26 29 30 31 32 33 38 39 40 41 42 43 44 45 50 51 52 53 54 55 56 57,5184516,
0074,24,PIR,20.0,21.6,20.0,21.6,1,1,0 13 14 15 16 17 18 19 20 21 22 23 24 26 29 30 31 32 33 37 38 39 40 41 42 43 44 45 49 50 51 52 53 54 55 56 57,4261438,
0075,24,PIR,16.8,15.2,16.8,15.2,1,1,0 14 15 16 17 18 19 20 21 22 23 24 26 29 30 31 32 33 37 38 39 40 41 42 43 44 45 49 50 51 52 53 54 55 56 57,3729158,
0076,24,PIR,19.2,19.2,19.2,22.4,1,2,0 13 14 15 16 17 18 19 20 21 22 23 24 26 29 30 31 32 33 38 39 40 41 42 43 44 45 50 51 52 53 54 55 56 57,4598801,
0077,24,PIR,24.0,16.0,24.0,16.0,1,1,0 14 15 16 17 18 19 20 21 22 23 24 26 29 30 31 32 33 38 39 40 41 42 43 44 45 50 51 52 53 54 55 56 57,3293320,
0079,24,PIR,13.6,12.0,27.2,25.6,2,2,0 16 17 18 19 20 21 22 23 24 26 29 30 31 32 33 38 39 40 41 42 43 44 45 50 51 52 53 54 55 56 57,4412039,
0081,24,PIR,20.8,16.8,20.8,16.8,1,1,0 14 15 16 17 18 19 20 21 22 23 24 26 29 30 31 32 33 37 38 39 40 41 42 43 44 45 49 50 51 52 53 54 55 56 57,3619514,
0083,24,PIR,12.8,11.2,12.8,11.2,1,1,0 15 16 17 18 19 20 21 22 23 24 26 29 30 31 32 33 38 39 40 41 42 43 44 45 50 51 52 53 54 55 56 57,3877582,
0085,24,PIR,16.0,13.6,16.0,13.6,1,1,0 15 16 17 18 19 20 21 22 23 24 26 29 30 31 32 33 38 39 40 41 42 43 44 45 50 51 52 53 54 55 56 57,3883405,
0086,24,PIR,19.2,20.0,19.2,26.4,1,2,0 15 16 17 18 19 20 21 22 23 24 26 29 30 31 32 33 40 41 42 43 44 45 52 53 54 55 56 57,3509890,
0088,24,PIR,13.6,13.6,13.6,13.6,1,1,0 16 17 18 19 20 21 22 23 24 26 29 30 31 32 33 38 39 40 41 42 43 44 45 51 52 53 54 55 56 57,4684866,
0090,24,PIR,18.4,20.0,35.2,20.0,2,2,0 15 16 17 18 19 20 21 22 23 24 26 29 30 31 32 33 37 38 39 40 41 42 43 44 45 50 51 52 53 54 55 56 57,3587638,
0091,24,PIR,14.4,12.8,14.4,12.8,1,1,0 16 17 18 19 20 21 22 23 24 26 29 30 31 32 33 40 41 42 43 44 45 52 53 54 55 56 57,3567292,
0093,24,PIR,14.4,14.4,14.4,26.4,1,2,0 14 15 16 17 18 19 20 21 22 23 24 26 29 30 31 32 33 39 40 41 42 43 44 45 51 52 53 54 55 56 57,4346588,
0094,23,PIR,18.4,16.8,18.4,16.8,1,1,0 14 15 16 17 18 19 20 21 22 23 26 29 30 31 32 33 40 41 42 43 44 45 52 53 54 55 56 57,5434838,
0095,24,PIR,16.0,19.2,16.0,19.2,1,1,0 14 15 16 17 18 19 20 21 22 23 24 26 29 30 31 32 33 38 39 40 41 42 43 44 45 50 51 52 53 54 55 56 57,5179775,
0096,24,PIR,16.0,15.2,17.6,15.2,2,1,0 15 16 17 18 19 20 21 22 23 24 26 29 30 31 32 33 39 40 41 42 43 44 45 51 52 53 54 55 56 57,3538825,
0097,25,PIR,33.6,36.0,33.6,36.0,1,1,0 16 17 18 19 20 21 22 23 24 25 26 29 30 31 32 33 39 40 41 42 43 44 45 50 51 52 53 54 55 56 57,5178942,
0099,24,PIR,16.0,18.4,21.6,18.4,2,2,0 14 15 16 17 18 19 20 21 22 23 24 26 29 30 31 32 33 38 39 40 41 42 43 44 45 50 51 52 53 54 55 56 57,3007387,
0100,24,PIR,14.4,14.4,14.4,20.0,1,2,0 15 16 17 18 19 20 21 22 23 24 26 29 30 31 32 33 39 40 41 42 43 44 45 51 52 53 54 55 56 57,4409251,
0101,24,PIR,13.6,16.0,13.6,16.0,1,1,0 17 18 19 20 21 22 23 24 26 29 30 31 32 33 39 40 41 42 43 44 45 51 52 53 54 55 56 57,5082684,
0102,24,PIR,15.2,13.6,15.2,13.6,1,1,0 17 18 19 20 21 22 23 24 26 29 30 31 32 33 39 40 41 42 43 44 45 51 52 53 54 55 56 57,4389138,
0104,24,PIR,16.8,12.8,16.8,12.8,1,1,0 13 14 15 16 17 18 19 20 21 22 23 24 26 29 30 31 32 33 40 41 42 43 44 45 52 53 54 55 56 57,4750456,
0105,24,PIR,16.0,15.2,16.0,15.2,1,1,0 18 19 20 21 22 23 24 26 29 30 31 32 33 38 39 40 41 42 43 44 51 52 53 54 55 56,4210207,
0107,24,PIR,12.8,12.8,12.8,12.8,1,1,0 15 16 17 18 19 20 21 22 23 24 26 29 30 31 32 33 40 41 42 43 44 45 52 53 54 55 56 57,2568317,
0109,24,PIR,18.4,16.0,18.4,16.0,1,1,0 14 15 16 17 18 19 20 21 22 23 24 26 29 30 31 32 33 39 40 41 42 43 44 45 51 52 53 54 55 56 57,4226017,
0110,24,PIR,12.0,10.4,12.0,10.4,1,1,0 16 17 18 19 20 21 22 23 24 26 29 30 31 32 33 41 42 43 44 45 53 54 55 56 57,2999186,
0111,24,PIR,12.0,14.4,12.0,14.4,1,1,0 15 16 17 18 19 20 21 22 23 24 26 29 30 31 32 33 40 41 42 43 44 45 51 52 53 54 55 56 57,4150782,
0112,24,PIR,18.4,14.4,18.4,14.4,2,1,0 16 17 18 19 20 21 22 23 24 26 29 30 31 32 33 40 41 42 43 44 45 52 53 54 55 56 57,4853798,
0114,24,PIR,18.4,18.4,18.4,18.4,1,1,0 1 16 17 18 19 20 21 22 23 24 26 29 30 31 32 33 39 40 41 42 43 44 45 52 53 54 55 56 57,4445561,
0115,24,PIR,18.4,18.4,18.4,18.4,1,1,0 17 18 19 20 21 22 23 24 26 29 30 31 32 33 39 40 41 42 43 44 45 51 52 53 54 55 56 57,4450045,
0117,24,PIR,13.6,12.8,13.6,12.8,1,1,0 16 17 18 19 20 21 22 23 24 26 29 30 31 32 33 39 40 41 42 43 44 45 51 52 53 54 55 56 57,3871046,
0119,24,PIR,13.6,15.2,13.6,15.2,1,1,0 17 18 19 20 21 22 23 24 26 29 30 31 32 33 39 40 41 42 43 44 45 52 53 54 55 56 57,4168348,
0120,24,PIR,15.0,17.0,15.0,17.0,1,1,0 13 14 15 16 17 18 19 20 21 22 23 24 26 29 30 31 32 33 37 38 39 40 41 42 43 44 45 49 50 51 52 53 54 55 56 57,3195414,
0123,24,PIR,16.8,20.8,16.8,36.8,1,2,0 13 14 15 16 17 18 19 20 21 22 23 24 26 29 30 31 32 33 38 39 40 41 42 43 44 45 50 51 52 53 54 55 56 57,4994545,
0124,24,PIR,15.2,12.0,15.2,23.2,1,3,0 12 13 14 15 16 17 18 19 20 21 22 23 24 26 29 30 31 32 33 38 39 40 41 42 43 44 45 50 51 52 53 54 55 56 57,3929666,
0126,24,PIR,20.0,29.6,20.0,29.6,1,1,0 14 15 16 17 18 19 20 21 22 23 24 26 29 30 31 32 33 38 39 40 41 42 43 44 45 50 51 52 53 54 55 56 57,3460909,
0128,24,PIR,13.6,14.4,13.6,14.4,1,1,0 15 16 17 18 19 20 21 22 23 24 26 29 30 31 32 33 39 40 41 42 43 44 45 51 52 53 54 55 56 57,4532093,
0130,24,PIR,16.0,11.2,16.0,11.2,1,1,0 13 14 15 16 17 18 19 20 21 22 23 24 26 29 30 31 32 33 37 38 39 40 41 42 43 44 45 50 51 52 53 54 55 56 57,2864884,
0131,24,PIR,15.0,13.0,15.0,13.0,1,1,0 15 16 17 18 19 20 21 22 23 24 26 29 30 31 32 33 38 39 40 41 42 43 44 45 49 50 51 52 53 54 55 56 57,3828668,
0133,24,PIR,19.0,20.0,19.0,26.0,1,3,0 15 16 17 18 19 20 21 22 23 24 26 29 30 31 32 33 38 39 40 41 42 43 44 45 50 51 52 53 54 55 56 57,3862180,
0134,24,PIR,18.0,18.0,18.0,18.0,1,1,0 12 13 14 15 16 17 18 19 20 21 22 23 24 26 29 30 31 32 33 37 38 39 40 41 42 43 44 45 49 50 51 52 53 54 55 56 57,3951553,
0135,24,PIR,17.0,15.0,29.0,15.0,3,1,0 14 15 16 17 18 19 20 21 22 23 24 26 29 30 31 32 33 38 39 40 41 42 43 44 45 51 52 53 54 55 56 57,3128262,
0137,24,PIR,18.0,16.0,25.0,16.0,2,1,0 15 16 17 18 19 20 21 22 23 24 26 29 30 31 32 33 40 41 42 43 44 45 52 53 54 55 56 57,3748985,
0138,24,PIR,15.2,16.0,15.2,16.0,1,1,0 17 18 19 20 21 22 23 24 26 29 30 31 32 33 39 40 41 42 43 44 45 51 52 53 54 55 56 57,2806229,
0140,24,PIR,14.4,15.2,22.4,15.2,2,1,0 16 17 18 19 20 21 22 23 24 26 29 30 31 32 33 38 39 40 41 42 43 44 45 50 51 52 53 54 55 56 57,3586100,
0142,24,PIR,23.2,21.6,23.2,21.6,1,1,0 14 15 16 17 18 19 20 21 22 23 24 26 29 30 31 32 33 38 39 40 41 42 43 44 45 51 52 53 54 55 56 57,4744193,
0143,24,PIR,15.2,15.2,15.2,15.2,1,1,0 15 16 17 18 19 20 21 22 23 24 26 29 30 31 32 33 39 40 41 42 43 44 45 51 52 53 54 55 56 57,3776077,
0145,24,PIR,13.6,12.8,13.6,12.8,1,1,0 13 14 15 16 17 18 19 20 21 22 23 24 26 29 30 31 32 33 39 40 41 42 43 44 45 51 52 53 54 55 56 57,3880158,
0146,24,PIR,16.0,12.0,16.0,12.0,1,1,0 15 16 17 18 19 20 21 22 23 24 26 29 30 31 32 33 38 39 40 41 42 43 44 45 50 51 52 53 54 55 56 57,2859625,
0148,24,PIR,16.0,14.4,16.0,14.4,1,1,0 17 18 19 20 21 22 23 24 26 29 30 31 32 33 39 40 41 42 43 44 45 52 53 54 55 56 57,3220814,
0150,24,PIR,21.6,23.2,21.6,23.2,1,1,0 18 19 20 21 22 23 24 26 29 30 31 32 33 40 41 42 43 44 45 52 53 54 55 56 57,4121214,
0151,23,PIR,14.4,16.0,34.4,16.0,2,1,0 13 14 15 16 17 18 19 20 21 22 23 26 29 30 31 32 33 38 39 40 41 42 43 44 45 50 51 52 53 54 55 56 57,3222199,
0153,24,PIR,14.4,16.8,14.4,24.8,1,2,0 12 13 14 15 16 17 18 19 20 21 22 23 24 26 29 30 31 32 33 39 40 41 42 43 44 45 51 52 53 54 55 56 57,4356715,
0154,24,PIR,12.0,11.2,28.0,11.2,2,1,0 15 16 17 18 19 20 21 22 23 24 26 29 30 31 32 33 39 40 41 42 43 44 45 50 51 52 53 54 55 56 57,3307795,
0156,23,PIR,14.4,13.6,14.4,13.6,1,1,0 16 17 18 19 20 21 22 23 26 29 30 31 32 33 39 40 41 42 43 44 45 51 52 53 54 55 56 57,5231965,
0157,24,PIR,14.0,15.0,14.0,23.0,1,2,0 16 17 18 19 20 21 22 23 24 26 29 30 31 32 33 40 41 42 43 44 45 52 53 54 55 56 57,2796825,
0158,23,PIR,14.4,13.6,14.4,13.6,1,1,0 14 15 16 17 18 19 20 21 22 23 26 29 30 31 32 33 39 40 41 42 43 44 45 50 51 52 53 54 55 56 57,4007764,
0160,24,PIR,17.6,17.6,17.6,17.6,1,1,0 15 16 17 18 19 20 21 22 23 24 26 29 30 31 32 33 39 40 41 42 43 44 45 50 51 52 53 54 55 56 57,5084229,
0161,24,PIR,17.6,12.8,17.6,12.8,1,1,0 14 15 16 17 18 19 20 21 22 23 24 26 29 30 31 32 33 38 39 40 41 42 43 44 45 50 51 52 53 54 55 56 57,4275960,
0162,24,PIR,16.8,18.4,16.8,18.4,1,1,0 15 16 17 18 19 20 21 22 23 24 26 29 30 31 32 33 38 39 40 41 42 43 44 45 50 51 52 53 54 55 56 57,3262791,
0163,24,PIR,13.6,13.6,13.6,13.6,1,1,0 15 16 17 18 19 20 21 22 23 24 26 29 30 31 32 33 39 40 41 42 43 44 45 51 52 53 54 55 56 57,3681790,
0165,24,PIR,22.4,20.8,22.4,20.8,1,1,0 14 15 16 17 18 19 20 21 22 23 24 26 29 30 31 32 33 39 40 41 42 43 44 45 51 52 53 54 55 56 57,4262848,
0166,24,PIR,16.8,12.8,32.8,25.6,4,4,0 14 15 16 17 18 19 20 21 22 23 24 26 29 30 31 32 33 38 39 40 41 42 43 44 45 50 51 52 53 54 55 56 57,4496602,
0167,24,PIR,17.6,17.6,17.6,17.6,1,1,0 12 13 14 15 16 17 18 19 20 21 22 23 24 26 29 30 31 32 33 36 37 38 39 40 41 42 43 44 45 48 49 50 51 52 53 54 55 56 57,4491108,
0168,24,PIR,16.8,14.4,16.8,14.4,1,1,0 16 17 18 19 20 21 22 23 24 26 29 30 31 32 33 39 40 41 42 43 44 45 51 52 53 54 55 56 57,2794889,
0169,24,PIR,16.8,16.8,16.8,16.8,1,1,0 13 14 15 16 17 18 19 20 21 22 23 24 26 29 30 31 32 33 39 40 41 42 43 44 45 51 52 53 54 55 56 57,4645957,
0170,24,PIR,20.0,31.2,20.0,31.2,1,1,0 16 17 18 19 20 21 22 23 24 26 29 30 31 32 33 39 40 41 42 43 44 45 51 52 53 54 55 56 57,3113830,
0172,24,PIR,18.4,16.8,18.4,26.4,2,2,0 16 17 18 19 20 21 22 23 24 26 29 30 31 32 33 40 41 42 43 44 45 52 53 54 55 56 57 74 75,4473122,
0174,24,PIR,19.2,20.0,32.0,20.0,2,1,0 14 15 16 17 18 19 20 21 22 23 24 26 29 30 31 32 33 38 39 40 41 42 43 44 45 50 51 52 53 54 55 56 57,3053641,
0176,24,PIR,14.4,14.4,14.4,14.4,1,1,0 12 13 14 15 16 17 18 19 20 21 22 23 24 26 29 30 31 32 33 37 38 39 40 41 42 43 44 45 49 50 51 52 53 54 55 56 57,3949174,
0178,24,PIR,12.8,22.4,12.8,26.4,1,2,0 13 14 15 16 17 18 19 20 21 22 23 24 26 29 30 31 32 33 39 40 41 42 43 44 45 50 51 52 53 54 55 56 57,4241670,
0179,24,PIR,32.0,36.0,32.0,36.0,1,1,0 12 13 14 15 16 17 18 19 20 21 22 23 24 26 29 30 31 32 33 38 39 40 41 42 43 44 45 50 51 52 53 54 55 56 57,5399856,
0180,24,PIR,17.6,17.6,17.6,17.6,1,1,0 13 14 15 16 17 18 19 20 21 22 23 24 26 29 30 31 32 33 37 38 39 40 41 42 43 44 45 49 50 51 52 53 54 55 56 57,3947277,
0182,24,PIR,20.0,16.8,20.0,16.8,1,1,0 12 13 14 15 16 17 18 19 20 21 22 23 24 26 29 30 31 32 33 37 38 39 40 41 42 43 44 45 50 51 52 53 54 55 56 57,3443509,
0184,24,PIR,21.6,17.6,21.6,17.6,1,1,0 13 14 15 16 17 18 19 20 21 22 23 24 26 29 30 31 32 33 37 38 39 40 41 42 43 44 45 49 50 51 52 53 54 55 56 57,3886819,
0185,24,PIR,13.6,14.4,13.6,14.4,1,1,0 15 16 17 18 19 20 21 22 23 24 26 29 30 31 32 33 36 37 38 39 40 41 42 43 44 45 48 49 50 51 52 53 54 55 56 57,4427873,
0186,24,PIR,20.8,16.0,20.8,16.0,1,1,0 12 13 14 15 16 17 18 19 20 21 22 23 24 26 29 30 31 32 33 37 38 39 40 41 42 43 44 45 49 50 51 52 53 54 55 56 57,3034148,
0188,24,PIR,17.6,24.8,17.6,24.8,1,1,0 11 12 13 14 15 16 17 18 19 20 21 22 23 24 26 29 30 31 32 33 36 37 38 39 40 41 42 43 44 45 48 49 50 51 52 53 54 55 56 57,5194326,
0189,24,PIR,15.2,14.4,15.2,14.4,1,1,0 15 16 17 18 19 20 21 22 23 24 26 29 30 31 32 33 37 38 39 40 41 42 43 44 45 49 50 51 52 53 54 55 56 57,3488152,
0191,24,PIR,14.4,15.2,14.4,15.2,1,1,0 13 14 15 16 17 18 19 20 21 22 23 24 26 29 30 31 32 33 37 38 39 40 41 42 43 44 45 49 50 51 52 53 54 55 56 57,4942431,
0192,24,PIR,21.6,22.4,21.6,22.4,1,1,0 14 15 16 17 18 19 20 21 22 23 24 26 29 30 31 32 33 38 39 40 41 42 43 44 45 50 51 52 53 54 55 56 57,4627569,
0193,24,PIR,20.0,18.4,20.0,18.4,1,1,0 14 15 16 17 18 19 20 21 22 23 24 26 29 30 31 32 33 38 39 40 41 42 43 44 45 49 50 51 52 53 54 55 56 57,4970881,
0194,24,PIR,21.6,23.2,21.6,23.2,1,1,0 13 14 15 16 17 18 19 20 21 22 23 24 26 29 30 31 32 33 37 38 39 40 41 42 43 44 45 49 50 51 52 53 54 55 56 57,4087938,
0195,24,PIR,21.6,19.2,27.2,32.0,2,2,0 12 13 14 15 16 17 18 19 20 21 22 23 24 26 29 30 31 32 33 38 39 40 41 42 43 44 45 50 51 52 53 54 55 56 57,4071445,
0196,24,PIR,22.4,29.6,22.4,51.2,1,2,0 14 15 16 17 18 19 20 21 22 23 24 26 29 30 31 32 33 40 41 42 43 44 45 52 53 54 55 56 57,2341180,
0197,24,PIR,16.8,18.4,16.8,30.4,1,3,0 14 15 16 17 18 19 20 21 22 23 24 26 29 30 31 32 33 39 40 41 42 43 44 45 50 51 52 53 54 55 56 57,4094763,
0198,24,PIR,13.6,10.4,13.6,10.4,1,1,0 13 14 15 16 17 18 19 20 21 22 23 24 26 29 30 31 32 33 39 40 41 42 43 44 45 51 52 53 54 55 56 57,3915497,
0199,24,PIR,16.8,18.4,16.8,18.4,1,1,0 15 16 17 18 19 20 21 22 23 24 26 29 30 31 32 33 39 40 41 42 43 44 45 51 52 53 54 55 56 57,3014951,
0200,24,PIR,16.0,13.6,16.0,13.6,1,1,0 14 15 16 17 18 19 20 21 22 23 24 26 29 30 31 32 33 38 39 40 41 42 43 44 45 50 51 52 53 54 55 56 57,3166169,
0201,24,PIR,20.8,21.6,20.8,21.6,1,1,0 15 16 17 18 19 20 21 22 23 24 26 29 30 31 32 33 39 40 41 42 43 44 45 51 52 53 54 55 56 57,4493904,
0203,24,PIR,17.6,19.2,17.6,19.2,1,1,0 14 15 16 17 18 19 20 21 22 23 24 26 29 30 31 32 33 38 39 40 41 42 43 44 45 50 51 52 53 54 55 56 57,4172641,
0204,24,PIR,14.4,19.2,14.4,36.0,1,2,0 16 17 18 19 20 21 22 23 24 26 29 30 31 32 33 38 39 40 41 42 43 44 45 50 51 52 53 54 55 56 57,4203213,
0206,24,PIR,13.6,9.6,13.6,9.6,1,1,0 15 16 17 18 19 20 21 22 23 24 26 29 30 31 32 33 39 40 41 42 43 44 45 51 52 53 54 55 56 57,5735883,
0208,25,PIR,25.6,17.6,25.6,17.6,1,1,0 13 14 15 16 17 18 19 20 21 22 23 24 25 26 29 30 31 32 33 37 38 39 40 41 42 43 44 45 50 51 52 53 54 55 56 57,3205565,
0209,24,PIR,13.6,15.2,13.6,15.2,1,1,0 17 18 19 20 21 22 23 24 26 29 30 31 32 33 40 41 42 43 44 45 51 52 53 54 55 56 57,4652177,
0211,24,PIR,20.8,20.0,20.8,20.0,1,1,0 15 16 17 18 19 20 21 22 23 24 26 29 30 31 32 33 39 40 41 42 43 44 45 51 52 53 54 55 56 57,5700928,
0213,24,PIR,22.4,16.0,22.4,16.0,1,1,0 17 18 19 20 21 22 23 24 26 29 30 31 32 33 38 39 40 41 42 43 44 45 50 51 52 53 54 55 56 57,4984460,
0214,24,PIR,12.0,14.4,12.0,14.4,1,1,0 16 17 18 19 20 21 22 23 24 26 29 30 31 32 33 39 40 41 42 43 44 45 51 52 53 54 55 56 57,5263583,
0215,24,PIR,12.0,13.6,12.0,13.6,1,1,0 16 17 18 19 20 21 22 23 24 26 29 30 31 32 33 39 40 41 42 43 44 45 52 53 54 55 56 57,5040719,
0217,24,PIR,14.4,20.8,14.4,20.8,1,1,0 15 16 17 18 19 20 21 22 23 24 26 29 30 31 32 33 39 40 41 42 43 44 45 51 52 53 54 55 56 57,5082781,
0218,24,PIR,12.0,12.8,12.0,12.8,1,1,0 17 18 19 20 21 22 23 24 26 29 30 31 32 33 40 41 42 43 44 45 52 53 54 55 56 57,4013553,
0219,24,PIR,18.4,16.8,18.4,16.8,1,1,0 16 17 18 19 20 21 22 23 24 26 29 30 31 32 33 40 41 42 43 44 45 52 53 54 55 56 57,4808347,
0220,24,PIR,11.2,10.4,11.2,10.4,1,1,0 15 16 17 18 19 20 21 22 23 24 26 29 30 31 32 33 40 41 42 43 44 45 52 53 54 55 56 57,3551889,
0222,24,PIR,15.2,18.4,15.2,18.4,1,1,0 16 17 18 19 20 21 22 23 24 26 29 30 31 32 33 40 41 42 43 44 45 52 53 54 55 56 57,3996034,
0223,24,PIR,22.4,24.8,22.4,24.8,1,1,0 14 15 16 17 18 19 20 21 22 23 24 26 29 30 31 32 33 40 41 42 43 44 45 52 53 54 55 56 57,3887388,
0225,24,PIR,24.0,20.0,24.0,32.0,1,2,0 13 14 15 16 17 18 19 20 21 22 23 24 26 29 30 31 32 33 40 41 42 43 44 45 52 53 54 55 56 57,4192319,
0226,24,PIR,12.0,12.8,16.8,12.8,3,1,0 13 14 15 16 17 18 19 20 21 22 23 24 26 29 30 31 32 33 40 41 42 43 44 45 52 53 54 55 56 57,4069481,
0227,24,PIR,19.2,16.8,26.4,16.8,3,1,0 18 19 20 21 22 23 24 26 29 30 31 32 33 41 42 43 44 45 53 54 55 56 57,5172111,
0229,24,PIR,15.2,13.6,34.4,13.6,2,1,0 13 14 15 16 17 18 19 20 21 22 23 24 26 29 30 31 32 33 37 38 39 40 41 42 43 44 45 50 51 52 53 54 55 56 57,5185559,
0231,24,PIR,12.0,11.2,12.0,11.2,1,1,0 19 20 21 22 23 24 26 29 30 31 32 33 41 42 43 44 45 53 54 55 56 57 74 75,4114952,
0232,24,PIR,15.2,13.6,15.2,13.6,1,1,0 15 16 17 18 19 20 21 22 23 24 26 29 30 31 32 33 39 40 41 42 43 44 45 52 53 54 55 56 57,2860554,
0234,25,PIR,16.8,16.0,16.8,16.0,1,1,0 13 14 15 16 17 18 19 20 21 22 23 24 25 26 29 30 31 32 33 39 40 41 42 43 44 45 51 52 53 54 55 56 57,3352318,
0235,24,PIR,18.4,15.2,18.4,15.2,1,1,0 14 15 16 17 18 19 20 21 22 23 24 26 29 30 31 32 33 38 39 40 41 42 43 44 45 50 51 52 53 54 55 56 57,4604556,
0236,24,PIR,32.0,16.8,32.0,16.8,1,1,0 14 15 16 17 18 19 20 21 22 23 24 26 29 30 31 32 33 37 38 39 40 41 42 43 44 45 49 50 51 52 53 54 55 56 57,4928961,
0237,24,PIR,18.4,16.8,18.4,16.8,1,1,0 13 14 15 16 17 18 19 20 21 22 23 24 26 29 30 31 32 33 39 40 41 42 43 44 45 51 52 53 54 55 56 57,3237487,
0238,24,PIR,19.2,20.0,19.2,20.0,1,1,0 13 14 15 16 17 18 19 20 21 22 23 24 26 29 30 31 32 33 38 39 40 41 42 43 44 45 50 51 52 53 54 55 56 57,5585201,
0239,24,PIR,20.8,14.4,20.8,14.4,1,1,0 13 14 15 16 17 18 19 20 21 22 23 24 26 29 30 31 32 33 38 39 40 41 42 43 44 45 50 51 52 53 54 55 56 57,4682435,
0241,24,PIR,16.8,16.8,16.8,16.8,1,1,0 14 15 16 17 18 19 20 21 22 23 24 26 29 30 31 32 33 39 40 41 42 43 44 45 51 52 53 54 55 56 57,4283708,
0242,24,PIR,17.6,17.6,17.6,17.6,1,1,0 16 17 18 19 20 21 22 23 24 26 29 30 31 32 33 38 39 40 41 42 43 44 45 49 50 51 52 53 54 55 56 57,4280768,
0244,25,PIR,17.6,22.4,17.6,22.4,1,2,0 17 18 19 20 21 22 23 24 25 26 29 30 31 32 33 39 40 41 42 43 44 45 51 52 53 54 55 56 57,4119836,
0246,24,PIR,18.4,16.8,18.4,16.8,1,1,0 15 16 17 18 19 20 21 22 23 24 26 29 30 31 32 33 38 39 40 41 42 43 44 45 50 51 52 53 54 55 56 57,4900737,
0247,24,PIR,16.0,13.6,16.0,13.6,1,1,0 15 16 17 18 19 20 21 22 23 24 26 29 30 31 32 33 38 39 40 41 42 43 44 45 50 51 52 53 54 55 56 57,5536221,
0249,24,PIR,16.0,15.2,26.4,28.8,2,2,0 13 14 15 16 17 18 19 20 21 22 23 24 26 29 30 31 32 33 39 40 41 42 43 44 45 51 52 53 54 55 56 57,4892707,
0251,24,PIR,40.0,22.4,40.0,22.4,1,1,0 15 16 17 18 19 20 21 22 23 24 26 29 30 31 32 33 38 39 40 41 42 43 44 45 51 52 53 54 55 56 57,3961070,
0253,24,PIR,12.8,12.8,12.8,36.0,1,3,0 15 16 17 18 19 20 21 22 23 24 26 29 30 31 32 33 37 38 39 40 41 42 43 44 45 50 51 52 53 54 55 56 57,3420887,
0255,24,PIR,18.4,15.2,22.4,15.2,2,1,0 14 15 16 17 18 19 20 21 22 23 24 26 29 30 31 32 33 38 39 40 41 42 43 44 45 50 51 52 53 54 55 56 57,4486954,
0257,24,PIR,15.2,14.4,15.2,14.4,1,1,0 15 16 17 18 19 20 21 22 23 24 26 29 30 31 32 33 39 40 41 42 43 44 45 50 51 52 53 54 55 56 57,3807996,
0259,24,PIR,12.0,14.4,12.0,14.4,1,1,0 15 16 17 18 19 20 21 22 23 24 26 29 30 31 32 33 37 38 39 40 41 42 43 44 45 49 50 51 52 53 54 55 56 57,3143954,
0260,24,PIR,16.8,20.0,16.8,21.6,1,2,0 14 15 16 17 18 19 20 21 22 23 24 26 29 30 31 32 33 39 40 41 42 43 44 45 51 52 53 54 55 56 57,4243265,
0262,24,PIR,21.6,20.0,21.6,20.0,1,1,0 15 16 17 18 19 20 21 22 23 24 26 29 30 31 32 33 38 39 40 41 42 43 44 45 50 51 52 53 54 55 56 57,3904493,
0264,24,PIR,21.6,18.4,21.6,18.4,1,1,0 16 17 18 19 20 21 22 23 24 26 29 30 31 32 33 38 39 40 41 42 43 44 45 51 52 53 54 55 56 57,4230796,
0265,24,PIR,21.6,16.8,21.6,16.8,1,1,0 13 14 15 16 17 18 19 20 21 22 23 24 26 29 30 31 32 33 38 39 40 41 42 43 44 45 51 52 53 54 55 56 57,3392472,
0267,24,PIR,16.8,13.6,16.8,13.6,1,1,0 16 17 18 19 20 21 22 23 24 26 29 30 31 32 33 38 39 40 41 42 43 44 45 51 52 53 54 55 56 57,4790360,
0268,25,PIR,24.8,24.0,24.8,24.0,1,1,0 14 15 16 17 18 19 20 21 22 23 24 25 26 29 30 31 32 33 38 39 40 41 42 43 44 45 51 52 53 54 55 56 57,5669136,
0269,24,PIR,12.8,12.8,12.8,12.8,1,1,0 11 12 13 14 15 16 17 18 19 20 21 22 23 24 26 29 30 31 32 33 38 39 40 41 42 43 44 45 49 50 51 52 53 54 55 56 57,4167418,
0270,24,PIR,16.8,16.0,16.8,16.0,1,1,0 17 18 19 20 21 22 23 24 26 29 30 31 32 33 40 41 42 43 44 45 52 53 54 55 56 57,3011495,
0271,24,PIR,13.1,13.1,23.1,22.5,3,2,0 13 14 15 16 17 18 19 20 21 22 23 24 26 29 30 31 32 33 40 41 42 43 44 45 51 52 53 54 56 57,5062198,
0272,24,PIR,15.2,14.4,15.2,14.4,1,1,0 18 19 20 21 22 23 24 26 29 30 31 32 33 40 41 42 43 44 45 52 53 54 55 56 57,3671416,
0273,24,PIR,18.2,21.0,18.2,21.0,1,1,0 14 15 16 17 18 19 20 21 22 23 24 26 29 30 31 32 33 38 39 40 41 42 43 44 45 50 51 52 53 54 55 56 57,5820055,
0275,24,PIR,13.6,15.2,13.6,15.2,1,1,0 15 16 17 18 19 20 21 22 23 24 26 29 30 31 32 33 39 40 41 42 43 44 45 51 52 53 54 55 56 57,2963429,
0276,24,PIR,15.2,16.8,15.2,16.8,1,1,0 14 15 16 17 18 19 20 21 22 23 24 26 29 30 31 32 33 38 39 40 41 42 43 44 45 50 51 52 53 54 55 56 57,4795710,
0277,24,PIR,21.6,20.0,21.6,20.0,1,1,0 17 18 19 20 21 22 23 24 26 29 30 31 32 33 39 40 41 42 43 44 45 51 52 53 54 55 56 57,5550078,
0278,24,PIR,22.0,23.0,22.0,23.0,1,1,0 14 15 16 17 18 19 20 21 22 23 24 26 29 30 31 32 33 39 40 41 42 43 44 45 51 52 53 54 55 56 57,5191097,
0279,24,PIR,11.0,11.0,11.0,11.0,1,1,0 15 16 17 18 19 20 21 22 23 24 26 29 30 31 32 33 40 41 42 43 44 45 52 53 54 55 56 57,3808461,
0280,24,PIR,15.0,17.0,15.0,29.0,1,2,0 16 17 18 19 20 21 22 23 24 26 29 30 31 32 33 39 40 41 42 43 44 45 52 53 54 55 56 57,3067457,
0282,24,PIR,20.0,20.8,20.0,20.8,1,1,0 17 18 19 20 21 22 23 24 26 29 30 31 32 33 40 41 42 43 44 45 52 53 54 55 56 57,4016547,
0284,24,PIR,18.4,16.8,18.4,16.8,1,1,0 15 16 17 18 19 20 21 22 23 24 26 29 30 31 32 33 40 41 42 43 44 45 52 53 54 55 56 57,4023364,
0285,24,PIR,20.0,17.6,20.0,17.6,1,1,0 14 15 16 17 18 19 20 21 22 23 24 26 29 30 31 32 33 39 40 41 42 43 44 45 51 52 53 54 55 56 57,5726141,
0287,24,PIR,15.2,14.4,15.2,14.4,1,1,0 17 18 19 20 21 22 23 24 26 29 30 31 32 33 38 39 40 41 42 43 44 45 50 51 52 53 54 55 56 57,3617813,
0289,24,PIR,15.2,11.2,15.2,11.2,1,1,0 12 13 14 15 16 17 18 19 20 21 22 23 24 26 29 30 31 32 33 37 38 39 40 41 42 43 44 45 50 51 52 53 54 55 56 57,3343680,
0290,24,PIR,15.2,15.2,15.2,15.2,1,1,0 16 17 18 19 20 21 22 23 24 26 29 30 31 32 33 39 40 41 42 43 44 45 51 52 53 54 55 56 57,2613501,
0291,24,PIR,24.0,26.4,24.0,26.4,1,1,0 15 16 17 18 19 20 21 22 23 24 26 29 30 31 32 33 39 40 41 42 43 44 45 51 52 53 54 55 56 57,4707648,
0293,24,PIR,17.6,16.0,17.6,16.0,1,1,0 17 18 19 20 21 22 23 24 26 29 30 31 32 33 39 40 41 42 43 44 45 51 52 53 54 55 56 57,4889472,
0295,24,PIR,19.2,16.8,19.2,16.8,1,1,0 17 18 19 20 21 22 23 24 26 29 30 31 32 33 39 40 41 42 43 44 45 51 52 53 54 55 56 57,4585649,
0297,24,PIR,14.4,14.4,14.4,14.4,1,1,0 14 15 16 17 18 19 20 21 22 23 24 26 29 30 31 32 33 38 39 40 41 42 43 44 45 50 51 52 53 54 55 56 57,4567405,
0298,24,PIR,18.4,19.2,18.4,19.2,1,1,0 18 19 20 21 22 23 24 26 29 30 31 32 33 40 41 42 43 44 45 52 53 54 55 56 57,4232778,
0299,24,PIR,15.2,15.2,15.2,15.2,1,1,0 16 17 18 19 20 21 22 23 24 26 29 30 31 32 33 37 38 39 40 41 42 43 44 45 49 50 51 52 53 54 55 56 57,4453464,
0301,24,PIR,15.2,12.8,15.2,12.8,1,1,0 17 18 19 20 21 22 23 24 26 29 30 31 32 33 39 40 41 42 43 44 45 52 53 54 55 56 57,3477466,
0302,25,PIR,22.4,25.6,22.4,25.6,1,1,0 14 15 16 17 18 19 20 21 22 23 24 25 26 29 30 31 32 33 38 39 40 41 42 43 44 45 50 51 52 53 54 55 56 57,5600002,
0304,24,PIR,17.6,16.0,25.6,16.0,3,1,0 15 16 17 18 19 20 21 22 23 24 26 29 30 31 32 33 38 39 40 41 42 43 44 45 51 52 53 54 55 56 57,4435359,
0305,24,PIR,13.6,14.4,13.6,22.4,1,2,0 13 14 15 16 17 18 19 20 21 22 23 24 26 29 30 31 32 33 39 40 41 42 43 44 45 51 52 53 54 55 56 57,3020196,
0306,24,PIR,13.6,13.6,13.6,13.6,1,1,0 17 18 19 20 21 22 23 24 26 29 30 31 32 33 38 39 40 41 42 43 44 45 50 51 52 53 54 55 56 57,4621022,
0307,24,PIR,22.4,19.2,22.4,19.2,1,1,0 15 16 17 18 19 20 21 22 23 24 26 29 30 31 32 33 38 39 40 41 42 43 44 45 50 51 52 53 54 55 56 57,5004297,
0309,24,PIR,15.2,17.6,15.2,17.6,1,1,0 16 17 18 19 20 21 22 23 24 26 29 30 31 32 33 38 39 40 41 42 43 44 45 50 51 52 53 54 55 56 57,3715492,
0311,24,PIR,20.0,18.4,20.0,18.4,1,1,0 16 17 18 19 20 21 22 23 24 26 29 30 31 32 33 39 40 41 42 43 44 45 51 52 53 54 55 56 57,4383678,
0313,24,PIR,16.0,15.2,16.0,15.2,2,1,0 13 14 15 16 17 18 19 20 21 22 23 24 26 29 30 31 32 33 39 40 41 42 43 44 45 52 53 54 55 56 57,3396858,
0314,24,PIR,20.8,13.6,20.8,13.6,1,1,0 14 15 16 17 18 19 20 21 22 23 24 26 29 30 31 32 33 39 40 41 42 43 44 45 51 52 53 54 55 56 57,3451339,
0315,24,PIR,15.2,12.0,15.2,12.0,1,1,0 15 16 17 18 19 20 21 22 23 24 26 29 30 31 32 33 38 39 40 41 42 43 44 45 51 52 53 54 55 56 57 75,4201822,
0317,24,PIR,12.8,12.0,12.8,12.0,1,1,0 15 16 17 18 19 20 21 22 23 24 26 29 30 31 32 33 38 39 40 41 42 43 44 45 50 51 52 53 54 55 56 57,4903960,
0319,24,PIR,17.6,16.8,17.6,16.8,1,1,0 16 17 18 19 20 21 22 23 24 26 29 30 31 32 33 38 39 40 41 42 43 44 45 51 52 53 54 55 56 57,3179102,
0321,24,PIR,17.6,16.0,17.6,16.0,1,1,0 15 16 17 18 19 20 21 22 23 24 26 29 30 31 32 33 38 39 40 41 42 43 44 45 50 51 52 53 54 55 56 57,4388252,
0322,24,PIR,11.2,12.8,11.2,12.8,1,1,0 14 15 16 17 18 19 20 21 22 23 24 26 29 30 31 32 33 38 39 40 41 42 43 44 45 50 51 52 53 54 55 56 57,4974964,
0323,24,PIR,14.4,17.6,14.4,17.6,1,1,0 14 15 16 17 18 19 20 21 22 23 24 26 29 30 31 32 33 38 39 40 41 42 43 44 45 51 52 53 54 55 56 57,4611034,
0324,24,PIR,21.6,20.8,21.6,20.8,1,1,0 14 15 16 17 18 19 20 21 22 23 24 26 29 30 31 32 33 39 40 41 42 43 44 45 51 52 53 54 55 56 57,5283083,
0326,24,PIR,11.2,17.6,11.2,39.2,1,4,0 13 14 15 16 17 18 19 20 21 22 23 24 26 29 30 31 32 33 38 39 40 41 42 43 44 45 50 51 52 53 54 55 56 57,4710013,
0327,24,PIR,13.6,13.6,13.6,13.6,1,1,0 15 16 17 18 19 20 21 22 23 24 26 29 30 31 32 33 38 39 40 41 42 43 44 45 50 51 52 53 54 55 56 57,3972170,
0329,24,PIR,17.6,39.2,32.0,39.2,5,1,0 13 15 16 17 18 19 20 21 22 23 24 26 29 30 31 32 33 39 40 41 42 43 44 45 51 52 53 54 55 56 57,4904876,
0330,24,PIR,19.2,15.2,19.2,15.2,1,1,0 15 16 17 18 19 20 21 22 23 24 26 29 30 31 32 33 40 41 42 43 44 45 51 52 53 54 55 56 57,5554351,
0331,24,PIR,26.4,8.8,26.4,8.8,1,1,0 13 14 15 16 17 18 19 20 21 22 23 24 26 29 30 31 32 33 40 41 42 43 44 45 52 53 54 55 56 57,2834143,
0332,24,PIR,21.6,16.0,21.6,16.0,1,1,0 18 19 20 21 22 23 24 26 29 30 31 32 33 41 42 43 44 45 53 54 55 56 57,5056864,
0334,24,PIR,25.6,23.2,29.6,31.2,2,2,0 15 16 17 18 19 20 21 22 23 24 26 29 30 31 32 33 40 41 42 43 44 45 52 53 54 55 56 57,3160154,
0336,24,PIR,13.6,9.6,26.4,21.6,2,3,0 14 15 16 17 18 19 20 21 22 23 24 26 29 30 31 32 33 40 41 42 43 44 45 51 52 53 54 55 56 57,2635099,
0338,24,PIR,14.0,16.0,14.0,16.0,1,1,0 14 15 16 17 18 19 20 21 22 23 24 26 29 30 31 32 33 40 41 42 43 44 45 52 53 54 55 56 57,3421370,
0339,24,PIR,19.2,14.4,19.2,14.4,1,1,0 18 19 20 21 22 23 24 26 29 30 31 32 33 42 43 44 45 55 56 57,2025897,
0341,24,PIR,16.0,14.4,16.0,14.4,1,1,0 18 19 20 21 22 23 24 26 29 30 31 32 33 39 40 41 42 43 44 45 51 52 53 54 55 56 57,5100292,
0342,24,PIR,16.8,15.2,25.6,15.2,3,1,0 17 18 19 20 21 22 23 24 26 29 30 31 32 33 40 41 42 43 44 45 52 53 54 55 56 57,3617036,
0344,24,PIR,12.8,0.8,12.8,0.8,1,1,0 13 14 15 16 17 18 19 20 21 22 23 24 26 29 30 31 32 33 38 39 40 41 42 43 44 45 50 51 52 53 54 55 56 57,4980726,
0345,24,PIR,12.8,26.4,12.8,26.4,1,1,0 13 14 15 16 17 18 19 20 21 22 23 24 26 29 30 31 32 33 39 40 41 42 43 44 45 51 52 53 54 55 56 57,4176942,
0346,24,PIR,15.2,14.4,15.2,14.4,1,1,0 13 14 15 16 17 18 19 20 21 22 23 24 26 29 30 31 32 33 39 40 41 42 43 44 45 50 51 52 53 54 55 56 57,5485613,
0347,24,PIR,16.8,15.2,16.8,15.2,1,1,0 18 19 20 21 22 23 24 26 29 30 31 32 33 39 40 41 42 43 44 45 51 52 53 54 55 56 57,4418571,
0349,24,PIR,18.4,21.6,18.4,24.0,1,2,0 14 15 16 17 18 19 20 21 22 23 24 26 29 30 31 32 33 39 40 41 42 43 44 45 51 52 53 54 55 56 57,5139638,
0350,24,PIR,17.6,15.2,17.6,15.2,1,1,0 14 15 16 17 18 19 20 21 22 23 24 26 29 30 31 32 33 37 38 39 40 41 42 43 44 45 50 51 52 53 54 55 56 57,4458478,
0352,24,PIR,19.2,20.0,19.2,20.0,1,1,0 13 14 15 16 17 18 19 20 21 22 23 24 26 29 30 31 32 33 38 39 40 41 42 43 44 45 50 51 52 53 54 55 56 57,4320107,
0353,24,PIR,19.2,15.2,33.6,29.6,2,2,0 15 16 17 18 19 20 21 22 23 24 26 29 30 31 32 33 40 41 42 43 44 45 52 53 54 55 56 57,2480224,
0354,24,PIR,13.6,13.6,13.6,13.6,1,1,0 15 16 17 18 19 20 21 22 23 24 26 29 30 31 32 33 38 39 40 41 42 43 44 45 50 51 52 53 54 55 56 57,4619996,
0355,24,PIR,24.0,21.0,24.0,21.0,1,1,0 17 18 19 20 21 22 23 24 26 29 30 31 32 33 39 40 41 42 43 44 45 51 52 53 54 55 56 57,4082629,
0357,24,PIR,17.6,20.8,17.6,20.8,1,1,0 16 17 18 19 20 21 22 23 24 26 29 30 31 32 33 38 39 40 41 42 43 44 45 51 52 53 54 55 56 57,3848222,
0358,24,PIR,16.0,18.4,16.0,18.4,1,1,0 12 13 14 15 16 17 18 19 20 21 22 23 24 26 29 30 31 32 33 38 39 40 41 42 43 44 45 50 51 52 53 54 55 56 57,3353519,
0359,24,PIR,16.8,13.6,16.8,13.6,1,1,0 13 14 15 16 17 18 19 20 21 22 23 24 26 29 30 31 32 33 37 38 39 40 41 42 43 44 49 50 51 52 53 54 55 56,2591361,
0361,24,PIR,16.8,10.4,16.8,10.4,1,1,0 16 17 18 19 20 21 22 23 24 26 29 30 31 32 33 39 40 41 42 43 44 45 51 52 53 54 55 56 57,3793090,
0363,24,PIR,18.4,17.6,18.4,17.6,1,1,0 14 15 16 17 18 19 20 21 22 23 24 26 29 30 31 32 33 39 40 41 42 43 44 45 51 52 53 54 55 56 57,4889714,
0364,24,PIR,19.2,12.8,33.6,12.8,5,1,0 16 17 18 19 20 21 22 23 24 26 29 30 31 32 33 39 40 41 42 43 44 45 51 52 53 54 55 56 57,4976773,
0366,25,PIR,24.8,27.2,24.8,27.2,1,1,0 15 16 17 18 19 20 21 22 23 24 25 26 29 30 31 32 33 39 40 41 42 43 44 45 51 52 53 54 55 56 57,4957888,
0368,24,PIR,16.8,17.6,16.8,17.6,1,1,0 14 15 16 17 18 19 20 21 22 23 24 26 29 30 31 32 33 38 39 40 41 42 43 44 45 50 51 52 53 54 55 56 57,4888728,
0369,24,PIR,18.4,16.0,18.4,16.0,1,1,0 15 16 17 18 19 20 21 22 23 24 26 29 30 31 32 33 39 40 41 42 43 44 45 51 52 53 54 55 56 57,4035878,
0371,24,PIR,12.0,15.0,12.0,15.0,1,1,0 16 17 18 19 20 21 22 23 24 26 29 30 31 32 33 39 40 41 42 43 44 45 51 52 53 54 55 56 57,3748758,
0373,24,PIR,16.8,34.4,16.8,34.4,1,2,0 15 16 17 18 19 20 21 22 23 24 26 29 30 31 32 33 39 40 41 42 43 44 45 51 52 53 54 55 56 57,2582662,
0375,24,PIR,10.4,12.0,19.2,25.6,2,2,0 15 16 17 18 19 20 21 22 23 24 26 29 30 31 32 33 38 39 40 41 42 43 44 45 50 51 52 53 54 55 56 57,4368113,
0376,25,PIR,30.4,23.2,30.4,23.2,1,1,0 16 17 18 19 20 21 22 23 24 25 26 29 30 31 32 33 40 41 42 43 44 45 51 52 53 54 55 56 57,4277607,
0378,24,PIR,17.6,18.4,17.6,18.4,1,1,0 17 18 19 20 21 22 23 24 26 29 30 31 32 33 39 40 41 42 43 44 45 52 53 54 55 56 57,3244923,
0379,24,PIR,16.8,12.8,16.8,12.8,1,1,0 15 16 17 18 19 20 21 22 23 24 26 29 30 31 32 33 39 40 41 42 43 44 45 51 52 53 54 55 56 57,4741643,
0381,24,PIR,12.8,12.8,24.0,26.4,3,2,0 15 16 17 18 19 20 21 22 23 24 26 29 30 31 32 33 38 39 40 41 42 43 44 45 51 52 53 54 55 56 57,4996551,
0382,24,PIR,16.8,14.4,16.8,14.4,1,1,0 14 15 16 17 18 19 20 21 22 23 24 26 29 30 31 32 33 38 39 40 41 42 43 44 45 50 51 52 53 54 55 56 57,4329770,
0383,24,PIR,12.0,12.0,12.0,12.0,1,2,0 15 16 17 18 19 20 21 22 23 24 26 29 30 31 32 33 39 40 41 42 43 44 45 51 52 53 54 55 56 57,3648169,
0384,24,PIR,9.6,12.0,9.6,12.0,1,1,0 14 15 16 17 18 19 20 21 22 23 24 26 29 30 31 32 33 37 38 39 40 41 42 43 44 45 50 51 52 53 54 55 56 57,4689432,
0385,24,PIR,18.4,13.6,18.4,17.6,1,2,0 14 15 16 17 18 19 20 21 22 23 24 26 29 30 31 32 33 38 39 40 41 42 43 44 45 50 51 52 53 54 55 56 57,4335075,
0387,24,PIR,13.6,13.6,13.6,13.6,1,1,0 16 17 18 19 20 21 22 23 24 26 29 30 31 32 33 40 41 42 43 44 45 51 52 53 54 55 56 57,4241951,
0389,24,PIR,12.0,10.4,28.0,25.6,2,2,0 18 19 20 21 22 23 24 26 29 30 31 32 33 40 41 42 43 44 45 52 53 54 55 56 57 74 75,3130900,
0390,24,PIR,17.6,12.0,17.6,12.0,1,1,0 14 15 16 17 18 19 20 21 22 23 24 26 29 30 31 32 33 40 41 42 43 44 45 52 53 54 55 56 57,3733971,
0391,24,PIR,19.2,16.0,19.2,16.0,1,1,0 16 17 18 19 20 21 22 23 24 26 29 30 31 32 33 40 41 42 43 44 45 51 52 53 54 55 56 57,3664879,
0392,24,PIR,14.4,12.8,14.4,12.8,1,1,0 14 15 16 17 18 19 20 21 22 23 24 26 29 30 31 32 33 38 39 40 41 42 43 44 45 50 51 52 53 54 55 56 57,6355660,
0393,24,PIR,20.8,16.8,20.8,16.8,1,1,0 13 14 15 16 17 18 19 20 21 22 23 24 26 29 30 31 32 33 38 39 40 41 42 43 44 45 50 51 52 53 54 55 56 57,5361572,
0394,24,PIR,15.2,15.2,15.2,15.2,1,1,0 16 17 18 19 20 21 22 23 24 26 29 30 31 32 33 39 40 41 42 43 44 45 52 53 54 55 56 57,3911458,
0395,24,PIR,18.4,15.2,18.4,15.2,1,1,0 16 17 18 19 20 21 22 23 24 26 29 30 31 32 33 40 41 42 43 44 45 52 53 54 55 56 57,4597727,
0397,24,PIR,20.0,16.0,20.0,32.0,1,2,0 15 16 17 18 19 20 21 22 23 24 26 29 30 31 32 33 40 41 42 43 44 45 52 53 54 55 56 57,4784433,
0399,24,PIR,17.6,12.8,19.2,12.8,2,1,0 14 15 16 17 18 19 20 21 22 23 24 26 29 30 31 32 33 39 40 41 42 43 44 45 51 52 53 54 55 56 57,3697552,
0401,24,PIR,20.8,20.0,20.8,25.6,1,2,0 17 18 19 20 21 22 23 24 26 29 30 31 32 33 40 41 42 43 44 45 52 53 54 55 56 57,4440111,
0403,24,PIR,24.8,16.8,33.6,16.8,2,1,0 16 17 18 19 20 21 22 23 24 26 29 30 31 32 33 40 41 42 43 44 45 52 53 54 55 56 57,4388701,
0405,24,PIR,21.6,28.8,21.6,28.8,1,1,0 16 17 18 19 20 21 22 23 24 26 29 30 31 32 33 39 40 41 42 43 44 45 51 52 53 54 55 56 57,4668339,
0407,24,PIR,16.0,15.2,16.0,15.2,1,1,0 15 16 17 18 19 20 21 22 23 24 26 29 30 31 32 33 39 40 41 42 43 44 45 51 52 53 54 55 56 57,3104284,
0409,24,PIR,20.8,21.6,20.8,21.6,4,1,0 15 16 17 18 19 20 21 22 23 24 26 29 30 31 32 33 40 41 42 43 44 45 51 52 53 54 55 56 57,4559845,
0410,24,PIR,19.2,16.8,19.2,16.8,1,1,0 15 16 17 18 19 20 21 22 23 24 26 29 30 31 32 33 39 40 41 42 43 44 45 51 52 53 54 55 56 57,4862723,
0412,24,PIR,17.6,16.8,17.6,16.8,1,1,0 13 14 15 16 17 18 19 20 21 22 23 24 26 29 30 31 32 33 38 39 40 41 42 43 44 45 50 51 52 53 54 55 56 57,3350998,
0414,24,PIR,20.8,18.4,20.8,18.4,1,1,0 14 15 16 17 18 19 20 21 22 23 24 26 29 30 31 32 33 39 40 41 42 43 44 45 51 52 53 54 55 56 57,2906546,
0416,24,PIR,17.6,14.4,17.6,14.4,1,1,0 15 16 17 18 19 20 21 22 23 24 26 29 30 31 32 33 38 39 40 41 42 43 44 45 51 52 53 54 55 56 57,4368706,
0418,24,PIR,20.0,18.4,20.0,18.4,1,1,0 13 14 15 16 17 18 19 20 21 22 23 24 26 29 30 31 32 33 39 40 41 42 43 44 45 51 52 53 54 55 56 57,6547014,
0419,24,PIR,24.8,36.0,24.8,36.0,1,1,0 13 14 15 16 17 18 19 20 21 22 23 24 26 29 30 31 32 33 40 41 42 43 44 45 52 53 54 55 56 57,4107426,
0420,24,PIR,16.8,20.8,16.8,20.8,1,1,0 12 13 14 15 16 17 18 19 20 21 22 23 24 26 29 30 31 32 33 39 40 41 42 43 44 45 51 52 53 54 55 56 57,3941713,
0421,24,PIR,16.0,18.4,16.0,18.4,1,1,0 16 17 18 19 20 21 22 23 24 26 29 30 31 32 33 38 39 40 41 42 43 44 45 50 51 52 53 54 55 56 57,4683780,
0422,24,PIR,16.8,16.0,16.8,16.0,2,1,0 15 16 17 18 19 20 21 22 23 24 26 29 30 31 32 33 38 39 40 41 42 43 44 45 50 51 52 53 54 55 56 57,3722951,
0424,24,PIR,16.8,15.2,16.8,15.2,1,1,0 13 14 15 16 17 18 19 20 21 22 23 24 26 29 30 31 32 33 38 39 40 41 42 43 44 45 49 50 51 52 53 54 55 56 57,2766651,
0425,24,PIR,16.0,16.8,16.0,16.8,1,1,0 15 16 17 18 19 20 21 22 23 24 26 29 30 31 32 33 38 39 40 41 42 43 44 45 50 51 52 53 54 55 56 57,5001495,
0427,24,PIR,24.8,20.0,24.8,20.0,1,1,0 12 13 14 15 16 17 18 19 20 21 22 23 24 26 29 30 31 32 33 37 38 39 40 41 42 43 44 45 49 50 51 52 53 54 55 56 57,5935920,
0428,24,PIR,10.4,13.6,10.4,13.6,1,1,0 17 18 19 20 21 22 23 24 26 29 30 31 32 33 39 40 41 42 43 44 45 52 53 54 55 56 57 74 75,2585293,
0429,24,PIR,16.0,12.0,16.0,12.0,1,1,0 15 16 17 18 19 20 21 22 23 24 26 29 30 31 32 33 38 39 40 41 42 43 44 45 50 51 52 53 54 55 56 57,5967232,
0430,24,PIR,13.6,14.4,13.6,14.4,1,1,0 14 15 16 17 18 19 20 21 22 23 24 26 29 30 31 32 33 39 40 41 42 43 44 45 50 51 52 53 54 55 56 57,3523787,
0431,24,PIR,15.2,12.0,15.2,12.0,1,1,0 15 16 17 18 19 20 21 22 23 24 26 29 30 31 32 33 41 42 43 44 45 53 54 55 56 57 74 75,2724164,
0432,24,PIR,14.4,13.6,16.0,13.6,2,1,0 15 17 18 19 20 21 22 23 24 26 29 30 31 32 33 39 40 41 42 43 44 45 51 52 53 54 55 56 57,5233246,
0434,24,PIR,23.2,24.8,23.2,28.0,1,2,0 14 15 16 17 18 19 20 21 22 23 24 26 29 30 31 32 33 39 40 41 42 43 44 45 50 51 52 53 54 55 56 57,3731530,
0436,24,PIR,20.8,18.4,20.8,18.4,1,1,0 16 17 18 19 20 21 22 23 24 26 29 30 31 32 33 39 40 41 42 43 44 45 51 52 53 54 55 56 57,5432048,
0438,24,PIR,19.2,21.6,19.2,21.6,1,1,0 15 16 17 18 19 20 21 22 23 24 26 29 30 31 32 33 39 40 41 42 43 44 45 51 52 53 54 55 56 57,5344955,
0439,24,PIR,17.6,20.0,17.6,20.0,1,1,0 17 18 19 20 21 22 23 24 26 29 30 31 32 33 39 40 41 42 43 44 45 51 52 53 54 55 56 57,5318706,
0441,24,PIR,36.8,14.4,36.8,14.4,1,1,0 14 16 17 18 19 20 21 22 23 24 26 29 30 31 32 33 38 39 40 41 42 43 44 45 51 52 53 54 55 56 57,4585402,
0442,24,PIR,12.8,13.6,12.8,13.6,1,1,0 19 20 21 22 23 24 26 29 30 31 32 33 40 41 42 43 44 45 52 53 54 55 56 57,4021191,
0443,24,PIR,16.8,12.8,23.2,28.0,3,3,0 14 15 16 17 18 19 20 21 22 23 24 26 29 30 31 32 33 39 40 41 42 43 44 45 52 53 54 55 56 57,3126496,
0444,24,PIR,18.4,20.0,18.4,20.0,1,1,0 14 15 16 17 18 19 20 21 22 23 24 26 29 30 31 32 33 37 38 39 40 41 42 43 44 45 49 50 51 52 53 54 55 56 57,3048973,
0445,24,PIR,18.4,12.0,18.4,12.0,1,1,0 16 17 18 19 20 21 22 23 24 26 29 30 31 32 33 40 41 42 43 44 45 52 53 54 55 56 57,2952540,
0447,24,PIR,12.8,13.6,12.8,13.6,1,1,0 14 15 16 17 18 19 20 21 22 23 24 26 29 30 31 32 33 38 39 40 41 42 43 44 45 51 52 53 54 55 56 57,2222702,
0448,24,PIR,16.8,16.0,16.8,16.0,1,1,0 16 17 18 19 20 21 22 23 24 26 29 30 31 32 33 39 40 41 42 43 44 45 51 52 53 54 55 56 57,3483674,
0450,24,PIR,15.2,15.2,15.2,15.2,1,1,0 13 14 15 16 17 18 19 20 21 22 23 24 26 29 30 31 32 33 38 39 40 41 42 43 44 45 50 51 52 53 54 55 56 57,3810536,
0451,24,PIR,18.4,18.4,18.4,18.4,1,1,0 13 14 15 16 17 18 19 20 21 22 23 24 26 29 30 31 32 33 37 38 39 40 41 42 43 44 45 50 51 52 53 54 55 56 57,3934663,
0453,24,PIR,20.0,18.4,20.0,18.4,1,1,0 16 17 18 19 20 21 22 23 24 26 29 30 31 32 33 39 40 41 42 43 44 45 51 52 53 54 55 56 57,3581712,
0455,24,PIR,12.8,14.4,12.8,14.4,1,1,0 14 15 16 17 18 19 20 21 22 23 24 26 29 30 31 32 33 38 39 40 41 42 43 44 45 50 51 52 53 54 55 56 57,3590584,
0456,24,PIR,12.8,12.0,12.8,12.0,1,1,0 14 15 16 17 18 19 20 21 22 23 24 26 29 30 31 32 33 38 39 40 41 42 43 44 45 50 51 52 53 54 55 56 57,3924892,
0457,24,PIR,15.2,16.0,15.2,16.0,2,1,0 15 16 17 18 19 20 21 22 23 24 26 29 30 31 32 33 38 39 40 41 42 43 44 45 51 52 53 54 55 56 57,5294618,
0458,24,PIR,20.0,22.4,20.0,22.4,1,1,0 15 16 17 18 19 20 21 22 23 24 26 29 30 31 32 33 39 40 41 42 43 44 45 51 52 53 54 55 56 57,3860922,
0459,24,PIR,19.0,19.0,19.0,19.0,1,1,0 15 16 17 18 19 20 21 22 23 24 26 29 30 31 32 33 40 41 42 43 44 45 52 53 54 55 56 57,2930989,
0461,24,PIR,9.0,12.0,20.0,12.0,2,1,0 15 16 17 18 19 20 21 22 23 24 26 29 30 31 32 33 39 40 41 42 43 44 45 51 52 53 54 55 56 57,2742148,
0463,24,PIR,17.0,12.0,17.0,12.0,1,1,0 18 19 20 21 22 23 24 26 29 30 31 32 33 39 40 41 42 43 44 45 51 52 53 54 55 56 57,3352987,
0465,24,PIR,15.2,15.2,15.2,15.2,1,1,0 14 15 16 17 18 19 20 21 22 23 24 26 29 30 31 32 33 39 40 41 42 43 44 45 51 52 53 54 55 56 57,5176037,
0466,24,PIR,16.8,13.6,16.8,13.6,1,2,0 14 15 16 17 18 19 20 21 22 23 24 26 29 30 31 32 33 38 39 40 41 42 43 44 45 50 51 52 53 54 55 56 57,3657685,
0467,24,PIR,16.0,14.4,16.0,14.4,1,1,0 18 19 20 21 22 23 24 26 29 30 31 32 33 41 42 43 44 45 52 53 54 55 56 57,3632133,
0468,24,PIR,17.6,15.2,17.6,15.2,1,1,0 14 15 16 17 18 19 20 21 22 23 24 26 29 30 31 32 33 38 39 40 41 42 43 44 45 50 51 52 53 54 55 56 57,5041780,
0469,24,PIR,15.2,12.8,29.6,12.8,3,2,0 14 15 16 17 18 19 20 21 22 23 24 26 29 30 31 32 33 38 39 40 41 42 43 44 45 49 50 51 52 53 54 55 56 57,4546559,
0470,24,PIR,12.8,13.6,28.0,28.0,3,2,0 14 15 16 17 18 19 20 21 22 23 24 26 29 30 31 32 33 38 39 40 41 42 43 44 45 50 51 52 53 54 55 56 57,3008496,
0471,24,PIR,10.0,15.0,10.0,15.0,1,1,0 14 15 16 17 18 19 20 21 22 23 24 26 29 30 31 32 33 40 41 42 43 44 45 52 53 54 55 56 57,536670,
0472,24,PIR,18.4,16.8,18.4,16.8,1,1,0 15 16 17 18 19 20 21 22 23 24 26 29 30 31 32 33 39 40 41 42 43 44 45 50 51 52 53 54 55 56 57,3889787,
0473,24,PIR,12.0,11.2,12.0,11.2,1,1,0 16 17 18 19 20 21 22 23 24 26 29 30 31 32 33 40 41 42 43 44 45 53 54 55 56 57 74 75,2597986,
0474,24,PIR,22.4,14.4,22.4,16.0,1,2,0 14 15 16 17 18 19 20 21 22 23 24 26 29 30 31 32 33 39 40 41 42 43 44 51 52 53 54 55 56,3262320,
0476,24,PIR,15.2,17.6,15.2,17.6,1,1,0 15 16 17 18 19 20 21 22 23 24 26 29 30 31 32 33 38 39 40 41 42 43 44 45 50 51 52 53 54 55 56 57,3748712,
0478,24,PIR,14.4,12.8,14.4,12.8,1,1,0 15 16 17 18 19 20 21 22 23 24 26 29 30 31 32 33 39 40 41 42 43 44 45 50 51 52 53 54 55 56 57,2600313,
0480,24,PIR,12.8,13.6,12.8,13.6,1,1,0 13 14 15 16 17 18 19 20 21 22 23 24 26 29 30 31 32 33 38 39 40 41 42 43 44 45 51 52 53 54 55 56 57,4341535,
0482,24,PIR,13.6,14.4,13.6,14.4,1,1,0 14 15 16 17 18 19 20 21 22 23 24 26 29 30 31 32 33 38 39 40 41 42 43 44 45 50 51 52 53 54 55 56 57,3135153,
0484,24,PIR,18.4,17.6,18.4,17.6,1,1,0 14 15 16 17 18 19 20 21 22 23 24 26 29 30 31 32 33 38 39 40 41 42 43 44 45 50 51 52 53 54 55 56 57,4604433,
0485,24,PIR,15.2,12.0,15.2,12.0,1,1,0 17 18 19 20 21 22 23 24 26 29 30 31 32 33 39 40 41 42 43 44 45 51 52 53 54 55 56 57,4093390,
0486,25,PIR,33.6,31.2,33.6,31.2,1,1,0 16 17 18 19 20 21 22 23 24 25 26 29 30 31 32 33 39 40 41 42 43 44 45 51 52 53 54 55 56 57,4504280,
0487,24,PIR,20.0,25.6,20.0,25.6,1,1,0 13 14 15 16 17 18 19 20 21 22 23 24 26 29 30 31 32 33 39 40 41 42 43 44 45 50 51 52 53 54 55 56 57,5037595,
0488,24,PIR,16.0,20.0,16.0,32.8,1,2,0 15 16 17 18 19 20 21 22 23 24 26 29 30 31 32 33 38 39 40 41 42 43 44 45 50 51 52 53 54 55 56 57,3668000,
0489,24,PIR,20.8,19.2,20.8,19.2,1,1,0 13 14 15 16 17 18 19 20 21 22 23 24 26 29 30 31 32 33 39 40 41 42 43 44 45 51 52 53 54 55 56 57,4757117,
0490,24,PIR,17.6,22.4,17.6,39.2,1,2,0 14 15 16 17 18 19 20 21 22 23 24 26 29 30 31 32 33 40 41 42 43 44 45 52 53 54 55 56 57,5148483,
0492,24,PIR,20.8,22.4,20.8,22.4,1,1,0 14 15 16 17 18 19 20 21 22 23 24 26 29 30 31 32 33 38 39 40 41 42 43 44 45 50 51 52 53 54 55 56 57,5598201,
0493,24,PIR,16.0,17.6,16.0,17.6,1,1,0 18 19 20 21 22 23 24 26 29 30 31 32 33 39 40 41 42 43 44 45 51 52 53 54 55 56 57,4254754,
0495,24,PIR,13.6,15.2,13.6,15.2,1,1,0 18 19 20 21 22 23 24 26 29 30 31 32 33 40 41 42 43 44 45 52 53 54 55 56 57,3552760,
0496,24,PIR,19.2,18.4,19.2,18.4,1,1,0 16 17 18 19 20 21 22 23 24 26 29 30 31 32 33 38 39 40 41 42 43 44 45 50 51 52 53 54 55 56 57,3475960,
0498,24,PIR,16.8,18.4,16.8,18.4,1,1,0 18 19 20 21 22 23 24 26 29 30 31 32 33 40 41 42 43 44 45 52 53 54 55 56 57,3151890,
0500,24,PIR,14.4,13.6,29.6,23.2,2,2,0 16 17 18 19 20 21 22 23 24 26 29 30 31 32 33 40 41 42 43 44 45 52 53 54 55 56 57,2974680,
0502,24,PIR,12.0,12.0,12.0,12.0,1,1,0 18 19 20 21 22 23 24 26 29 30 31 32 33 40 41 42 43 44 45 52 53 54 55 56 57,3287835,
0504,24,PIR,16.8,18.4,16.8,18.4,1,1,0 17 18 19 20 21 22 23 24 26 29 30 31 32 33 40 41 42 43 44 45 52 53 54 55 56 57,3136811,
0506,24,PIR,21.6,20.0,21.6,24.8,1,2,0 15 16 17 18 19 20 21 22 23 24 26 29 30 31 32 33 38 39 40 41 42 43 44 45 50 51 52 53 54 55 56 57,5724654,
0508,24,PIR,13.6,17.6,13.6,17.6,1,1,0 13 14 15 16 17 18 19 20 21 22 23 24 26 29 30 31 32 33 39 40 41 42 43 44 45 51 52 53 54 55 56 57,4721596,
0509,24,PIR,18.4,17.6,18.4,17.6,1,1,0 17 18 19 20 21 22 23 24 26 29 30 31 32 33 40 41 42 43 44 45 52 53 54 55 56 57,3435467,
0511,24,PIR,16.0,15.2,16.0,17.6,1,2,0 15 16 17 18 19 20 21 22 23 24 26 29 30 31 32 33 41 42 43 44 45 53 54 55 56 57,1728387,
0512,24,PIR,16.0,15.2,43.2,33.6,3,2,0 14 15 16 17 18 19 20 21 22 23 24 26 29 30 31 32 33 39 40 41 42 43 44 45 51 52 53 54 55 56 57,3666040,
0513,24,PIR,18.4,19.2,18.4,27.2,2,2,0 14 15 16 17 18 19 20 21 22 23 24 26 29 30 31 32 33 39 40 41 42 43 44 45 50 51 52 53 54 55 56 57,5297227,
0515,24,PIR,16.0,14.4,16.0,14.4,1,1,0 15 16 17 18 19 20 21 22 23 24 26 29 30 31 32 33 38 39 40 41 42 43 44 45 50 51 52 53 54 55 56 57,4241064,
0516,24,PIR,12.8,16.0,12.8,16.0,1,1,0 14 15 16 17 18 19 20 21 22 23 24 26 29 30 31 32 33 38 39 40 41 42 43 44 45 50 51 52 53 54 55 56 57 74 75,5030885,
0517,24,PIR,18.4,16.0,18.4,16.0,2,1,0 14 15 16 17 18 19 20 21 22 23 24 26 29 30 31 32 33 39 40 41 42 43 44 45 51 52 53 54 55 56 57,3849512,
0519,24,PIR,16.0,18.4,16.0,18.4,1,1,0 14 15 16 17 18 19 20 21 22 23 24 26 29 30 31 32 33 39 40 41 42 43 44 45 51 52 53 54 55 56 57,3087629,
0521,24,PIR,16.0,16.0,16.0,16.0,1,1,0 15 16 17 18 19 20 21 22 23 24 26 29 30 31 32 33 38 39 40 41 42 43 44 45 50 51 52 53 54 55 56 57,4107423,
0522,24,PIR,14.4,14.4,14.4,14.4,1,1,0 15 16 17 18 19 20 21 22 23 24 26 29 30 31 32 33 39 40 41 42 43 44 45 50 51 52 53 54 55 56 57,3447074,
0523,24,PIR,16.0,15.2,16.0,15.2,1,1,0 15 16 17 18 19 20 21 22 23 24 26 29 30 31 32 33 38 39 40 41 42 43 44 45 50 51 52 53 54 55 56 57,5114321,
0524,24,PIR,17.6,16.8,27.2,16.8,3,2,0 16 17 18 19 20 21 22 23 24 26 29 30 31 32 33 40 41 42 43 44 45 52 53 54 55 56 57,2586855,
0526,24,PIR,26.4,16.0,26.4,16.0,1,1,0 15 16 17 18 19 20 21 22 23 24 26 29 30 31 32 33 37 38 39 40 41 42 43 44 45 49 50 51 52 53 54 55 56 57,5454642,
0527,24,PIR,14.4,15.2,14.4,21.6,1,2,0 15 16 17 18 19 20 21 22 23 24 26 29 30 31 32 33 37 38 39 40 41 42 43 44 45 49 50 51 52 53 54 55 56 57,5339745,
0528,24,PIR,20.0,24.0,20.0,24.0,1,1,0 15 16 17 18 19 20 21 22 23 24 26 29 30 31 32 33 39 40 41 42 43 44 45 51 52 53 54 55 56 57,3841922,
0530,24,PIR,16.0,12.0,16.0,12.0,1,1,0 13 14 15 16 17 18 19 20 21 22 23 24 26 29 30 31 32 33 37 38 39 40 41 42 43 44 45 49 50 51 52 53 54 55 56 57,4276967,
0531,24,PIR,14.4,13.6,14.4,13.6,1,1,0 14 15 16 17 18 19 20 21 22 23 24 26 29 30 31 32 33 38 39 40 41 42 43 44 45 50 51 52 53 54 55 56 57,3173634,
0532,24,PIR,22.4,16.8,22.4,16.8,1,1,0 15 16 17 18 19 20 21 22 23 24 26 29 30 31 32 33 39 40 41 42 43 44 45 51 52 53 54 55 56 57,5045789,
0533,24,PIR,15.2,21.6,27.2,37.6,2,2,0 14 15 16 17 18 19 20 21 22 23 24 26 29 30 31 32 33 39 40 41 42 43 44 45 51 52 53 54 55 56 57,3167246,
0535,24,PIR,12.8,14.4,12.8,14.4,1,1,0 15 16 17 18 19 20 21 22 23 24 26 29 30 31 32 33 39 40 41 42 43 44 45 51 52 53 54 55 56 57,3386445,
0536,24,PIR,13.6,9.6,15.2,9.6,3,1,0 16 17 18 19 20 21 22 23 24 26 29 30 31 32 33 40 41 42 43 44 45 52 53 54 55 56 57,2304470,
0538,24,PIR,14.4,14.4,14.4,14.4,1,1,0 14 15 16 17 18 19 20 21 22 23 24 26 29 30 31 32 33 38 39 40 41 42 43 44 45 50 51 52 53 54 55 56 57,2846265,
0539,24,PIR,12.8,14.4,12.8,14.4,1,1,0 16 17 18 19 20 21 22 23 24 26 29 30 31 32 33 40 41 42 43 44 45 52 53 54 55 56 57,2765872,
0540,24,PIR,17.6,18.4,17.6,28.8,2,2,0 17 18 19 20 21 22 23 24 26 29 30 31 32 33 40 41 42 43 44 45 52 53 54 55 56 57,2643911,
0542,24,PIR,20.0,17.6,20.0,17.6,1,1,0 16 17 18 19 20 21 22 23 24 26 29 30 31 32 33 39 40 41 42 43 44 45 51 52 53 54 55 56 57,4234822,
0544,24,PIR,23.2,27.2,23.2,27.2,1,2,0 16 17 18 19 20 21 22 23 24 26 29 30 31 32 33 39 40 41 42 43 44 51 52 53 54 55 56,4536694,
0545,24,PIR,15.2,10.4,15.2,10.4,1,1,0 14 15 16 17 18 19 20 21 22 23 24 26 29 30 31 32 33 39 40 41 42 43 44 45 51 52 53 54 55 56 57,4034025,
0547,24,PIR,14.4,16.8,14.4,16.8,2,1,0 15 16 17 18 19 20 21 22 23 24 26 29 30 31 32 33 39 40 41 42 43 44 45 52 53 54 55 56 57,3470961,
0548,24,PIR,20.8,14.4,20.8,14.4,1,1,0 15 16 17 18 19 20 21 22 23 24 26 29 30 31 32 33 39 40 41 42 43 44 45 51 52 53 54 55 56 57,3787724,
0549,24,PIR,16.8,13.6,16.8,13.6,1,1,0 17 18 19 20 21 22 23 24 26 29 30 31 32 33 40 41 42 43 44 45 52 53 54 55 56 57,4180135,
0550,24,PIR,17.6,31.2,28.8,31.2,3,1,0 14 15 16 17 18 19 20 21 22 23 24 26 29 30 31 32 33 40 41 42 43 44 45 52 53 54 55 56 57,5317083,
0551,24,PIR,15.2,15.2,15.2,15.2,1,1,0 13 14 15 16 17 18 19 20 21 22 23 24 26 29 30 31 32 33 39 40 41 42 43 44 45 51 52 53 54 55 56 57,4301714,
0552,24,PIR,24.8,24.8,24.8,24.8,1,1,0 13 14 15 16 17 18 19 20 21 22 23 24 26 29 30 31 32 33 38 39 40 41 42 43 44 50 51 52 53 54 55 56,4067024,
0554,24,PIR,14.4,12.8,14.4,12.8,1,1,0 16 17 18 19 20 21 22 23 24 26 29 30 31 32 33 39 40 41 42 43 44 45 51 52 53 54 55 56 57,3358441,
0556,24,PIR,18.4,31.2,22.4,31.2,2,1,0 13 14 15 16 17 18 19 20 21 22 23 24 26 29 30 31 32 33 39 40 41 42 43 44 45 51 52 53 54 55 56 57,3772022,
0557,24,PIR,13.6,14.4,13.6,14.4,1,1,0 17 18 19 20 21 22 23 24 26 29 30 31 32 33 40 41 42 43 44 45 52 53 54 55 56 57,2925485,
0559,24,PIR,20.0,19.2,20.0,19.2,1,1,0 13 14 15 16 17 18 19 20 21 22 23 24 26 29 30 31 32 33 38 39 40 41 42 43 44 45 49 50 51 52 53 54 55 56 57,4966151,
0560,24,PIR,12.8,12.8,12.8,12.8,1,1,0 15 16 17 18 19 20 21 22 23 24 26 29 30 31 32 33 40 41 42 43 44 45 52 53 54 55 56 57,3340852,
0561,24,PIR,16.8,12.0,16.8,12.0,1,1,0 16 17 18 19 20 21 22 23 24 26 29 30 31 32 33 39 40 41 42 43 44 45 51 52 53 54 55 56 57,3877374,
0562,24,PIR,14.4,12.0,14.4,22.4,1,2,0 13 14 15 16 17 18 19 20 21 22 23 24 26 29 30 31 32 33 39 40 41 42 43 44 45 51 52 53 54 55 56 57,4353026,
0564,24,PIR,14.4,12.8,14.4,12.8,1,1,0 13 14 15 16 17 18 19 20 21 22 23 24 26 29 30 31 32 33 39 40 41 42 43 44 45 51 52 53 54 55 56 57,1914678,
0565,25,PIR,20.8,20.8,20.8,35.2,1,2,0 14 15 16 17 18 19 20 21 22 23 24 25 26 29 30 31 32 33 39 40 41 42 43 44 45 51 52 53 54 55 56 57,5687092,
0567,24,PIR,19.2,16.8,19.2,16.8,1,1,0 15 16 17 18 19 20 21 22 23 24 26 29 30 31 32 33 39 40 41 42 43 44 45 51 52 53 54 55 56 57,3010768,
0568,24,PIR,12.0,21.6,30.4,35.2,3,2,0 16 17 18 19 20 21 22 23 24 26 29 30 31 32 33 39 40 41 42 43 44 45 52 53 54 55 56 57 74 75,2607482,
0569,24,PIR,13.8,13.8,29.4,13.8,2,1,0 15 16 17 18 19 20 21 22 23 24 26 29 30 31 32 33 38 39 40 41 42 43 44 45 49 50 51 52 53 54 55 56 57,5718246,
0571,24,PIR,16.0,15.2,16.0,15.2,1,1,0 14 15 16 17 18 19 20 21 22 23 24 26 29 30 31 32 33 38 39 40 41 42 43 44 45 50 51 52 53 54 55 56 57,3891821,
0573,24,PIR,20.8,23.2,20.8,23.2,1,1,0 13 14 15 16 17 18 19 20 21 22 23 24 26 29 30 31 32 33 40 41 42 43 44 45 52 53 54 55 56 57,3157964,
0574,24,PIR,13.6,20.8,13.6,38.4,1,2,0 12 13 14 15 16 17 18 19 20 21 22 23 24 26 29 30 31 32 33 37 38 39 40 41 42 43 44 45 49 50 51 52 53 54 55 56 57,5036717,
0575,24,PIR,15.2,13.6,15.2,13.6,1,1,0 17 18 19 20 21 22 23 24 26 29 30 31 32 33 40 41 42 43 44 45 52 53 54 55 56 57,2902681,
0577,24,PIR,13.6,18.4,13.6,18.4,1,1,0 15 16 17 18 19 20 21 22 23 24 26 29 30 31 32 33 38 39 40 41 42 43 44 45 51 52 53 54 55 56 57,3002077,
0578,24,PIR,33.6,11.2,33.6,11.2,1,1,0 15 16 17 18 19 20 21 22 23 24 26 29 30 31 32 33 39 40 41 42 43 44 45 52 53 54 55 56 57,6032914,
0579,24,PIR,16.0,17.6,16.0,17.6,1,2,0 18 19 20 21 22 23 24 26 29 30 31 32 33 40 41 42 43 44 45 52 53 54 55 56 57,3428127,
0581,24,PIR,12.8,14.4,12.8,14.4,1,1,0 13 14 15 16 17 18 19 20 21 22 23 24 26 29 30 31 32 33 39 40 41 42 43 44 45 51 52 53 54 55 56 57,4499647,
0583,24,PIR,19.2,20.8,19.2,20.8,1,1,0 15 16 17 18 19 20 21 22 23 24 26 29 30 31 32 33 39 40 41 42 43 44 45 51 52 53 54 55 56 57,3429837,
0584,24,PIR,15.2,14.4,15.2,14.4,1,1,0 16 17 18 19 20 21 22 23 24 26 29 30 31 32 33 40 41 42 43 44 45 53 54 55 56 57,3874220,
0586,24,PIR,22.4,25.6,22.4,25.6,1,1,0 15 16 17 18 19 20 21 22 23 24 26 29 30 31 32 33 39 40 41 42 43 44 45 51 52 53 54 55 56 57,5148920,
0587,24,PIR,20.0,15.2,36.0,15.2,4,1,0 15 16 17 18 19 20 21 22 23 24 26 29 30 31 32 33 39 40 41 42 43 44 45 51 52 53 54 55 56 57,3367688,
0588,24,PIR,15.2,15.2,15.2,15.2,1,1,0 16 17 18 19 20 21 22 23 24 26 29 30 31 32 33 40 41 42 43 44 45 52 53 54 55 56 57,3171186,
0589,24,PIR,22.4,19.2,22.4,19.2,1,1,0 15 16 17 18 19 20 21 22 23 24 26 29 30 31 32 33 38 39 40 41 42 43 44 45 50 51 52 53 54 55 56 57,5791958,
0590,24,PIR,15.2,15.2,15.2,15.2,1,1,0 13 14 15 16 17 18 19 20 21 22 23 24 26 29 30 31 32 33 38 39 40 41 42 43 44 45 50 51 52 53 54 55 56 57,3154361,
0591,24,PIR,14.4,14.4,14.4,14.4,1,1,0 18 19 20 21 22 23 24 26 29 30 31 32 33 39 40 41 42 43 44 45 51 52 53 54 55 56 57,4193405,
0593,24,PIR,16.8,17.6,16.8,17.6,1,1,0 16 17 18 19 20 21 22 23 24 26 29 30 31 32 33 39 40 41 42 43 44 45 51 52 53 54 55 56 57,3748520,
0595,24,PIR,16.8,19.2,16.8,19.2,1,1,0 15 16 17 18 19 20 21 22 23 24 26 29 30 31 32 33 38 39 40 41 42 43 44 45 50 51 52 53 54 55 56 57,4747747,
0596,24,PIR,14.4,15.2,14.4,28.8,1,2,0 16 17 18 19 20 21 22 23 24 26 29 30 31 32 33 39 40 41 42 43 44 45 51 52 53 54 55 56 57,3356035,
0598,24,PIR,25.6,21.6,25.6,24.0,1,2,0 13 14 15 16 17 18 19 20 21 22 23 24 26 29 30 31 32 33 38 39 40 41 42 43 44 45 50 51 52 53 54 55 56 57,5400613,
0599,24,PIR,15.2,15.2,15.2,15.2,1,1,0 16 17 18 19 20 21 22 23 24 26 29 30 31 32 33 38 39 40 41 42 43 44 45 50 51 52 53 54 55 56 57,3580518,
0601,24,PIR,34.4,29.6,34.4,29.6,1,1,0 15 16 17 18 19 20 21 22 23 24 26 29 30 31 32 33 39 40 41 42 43 44 45 50 51 52 53 54 55 56 57,3999337,
0603,24,PIR,18.4,21.6,18.4,21.6,1,1,0 15 16 17 18 19 20 21 22 23 24 26 29 30 31 32 33 39 40 41 42 43 44 45 51 52 53 54 55 56 57,4965869,
0604,24,PIR,16.0,18.4,16.0,18.4,1,1,0 15 16 17 18 19 20 21 22 23 24 26 29 30 31 32 33 39 40 41 42 43 44 45 51 52 53 54 55 56 57,3126668,
0606,24,PIR,13.6,16.0,13.6,16.0,1,1,0 16 17 18 19 20 21 22 23 24 26 29 30 31 32 33 38 39 40 41 42 43 44 45 51 52 53 54 55 56 57,4060094,
0608,24,PIR,11.2,10.4,11.2,10.4,1,1,0 12 13 14 15 16 17 18 19 20 21 22 23 24 26 29 30 31 32 33 37 38 39 40 41 42 43 44 45 48 49 50 51 52 53 54 55 56 57,3883340,
0609,24,PIR,15.2,10.4,15.2,10.4,2,1,0 15 16 17 18 19 20 21 22 23 24 26 29 30 31 32 33 38 39 40 41 42 43 44 45 50 51 52 53 54 55 56 57,4117821,
0611,24,PIR,13.6,28.0,20.8,28.0,2,1,0 17 18 19 20 21 22 23 24 26 29 30 31 32 33 40 41 42 43 44 45 52 53 54 55 56 57,4132774,
0613,24,PIR,19.2,16.0,19.2,16.0,1,1,0 13 14 15 16 17 18 19 20 21 22 23 24 26 29 30 31 32 33 40 41 42 43 44 45 53 54 55 56 57,4319988,
0614,24,PIR,12.0,15.2,24.8,15.2,2,1,0 17 18 19 20 21 22 23 24 26 29 30 31 32 33 39 40 41 42 43 44 45 51 52 53 54 55 56 57,4154893,
0615,24,PIR,16.0,15.2,16.0,15.2,1,1,0 13 14 15 16 17 18 19 20 21 22 23 24 26 29 30 31 32 33 37 38 39 40 41 42 43 44 45 49 50 51 52 53 54 55 56 57,4539758,
0617,24,PIR,32.8,20.8,32.8,20.8,1,1,0 14 15 16 17 18 19 20 21 22 23 24 26 29 30 31 32 33 39 40 41 42 43 44 45 51 52 53 54 55 56 57,5051160,
0619,24,PIR,18.4,15.2,18.4,15.2,1,1,0 14 15 16 17 18 19 20 21 22 23 24 26 29 30 31 32 33 39 40 41 42 43 44 45 51 52 53 54 55 56 57,4363883,
0621,24,PIR,13.6,12.8,13.6,12.8,1,1,0 15 16 17 18 19 20 21 22 23 24 26 29 30 31 32 33 39 40 41 42 43 44 45 51 52 53 54 55 56 57,3883421,
0623,24,PIR,17.6,18.4,17.6,18.4,1,1,0 16 17 18 19 20 21 22 23 24 26 29 30 31 32 33 38 39 40 41 42 43 44 45 50 51 52 53 54 55 56 57,4871945,
0624,24,PIR,17.5,16.2,17.5,16.2,1,1,0 14 15 16 17 18 19 20 21 22 23 24 26 29 30 31 32 33 39 40 41 42 43 44 45 51 52 53 54 55 56 57,2772985,
0626,24,PIR,19.2,16.8,19.2,16.8,1,1,0 17 18 19 20 21 22 23 24 26 29 30 31 32 33 39 40 41 42 43 44 45 50 51 52 53 54 55 56 57,4551044,
0628,24,PIR,16.0,16.0,16.0,16.0,2,1,0 14 15 16 17 18 19 20 21 22 23 24 26 29 30 31 32 33 38 39 40 41 42 43 44 45 51 52 53 54 55 56 57,4101008,
0629,24,PIR,11.2,12.0,11.2,12.0,1,1,0 17 18 19 20 21 22 23 24 26 29 30 31 32 33 40 41 42 43 44 45 53 54 55 56 57,3635845,
0631,24,PIR,13.6,12.8,14.4,12.8,2,1,0 15 16 17 18 19 20 21 22 23 24 26 29 30 31 32 33 40 41 42 43 44 45 53 54 55 56 57,1543137,
0633,24,PIR,12.8,12.8,12.8,12.8,1,1,0 17 18 19 20 21 22 23 24 26 29 30 31 32 33 40 41 42 43 44 45 52 53 54 55 56 57,4850397,
0635,24,PIR,13.6,14.4,30.4,14.4,3,1,0 16 17 18 19 20 21 22 23 24 26 29 30 31 32 33 39 40 41 42 43 44 45 52 53 54 55 56 57,3134674,
0636,24,PIR,20.8,15.2,20.8,15.2,2,1,0 14 15 16 17 18 19 20 21 22 23 24 26 29 30 31 32 33 39 40 41 42 43 44 45 50 51 52 53 54 55 56 57,4802872,
0637,24,PIR,22.4,19.2,22.4,19.2,1,1,0 15 16 17 18 19 20 21 22 23 24 26 29 30 31 32 33 38 39 40 41 42 43 44 45 50 51 52 53 54 55 56 57,4154965,
0638,24,PIR,17.6,20.0,17.6,20.0,1,1,0 15 16 17 18 19 20 21 22 23 24 26 29 30 31 32 33 37 38 39 40 41 42 43 44 45 49 50 51 52 53 54 55 56 57,4704246,
0639,24,PIR,13.6,12.0,13.6,32.0,1,3,0 17 18 19 20 21 22 23 24 26 29 30 31 32 33 38 39 40 41 42 43 44 45 50 51 52 53 54 55 56 57,4096669,
0641,24,PIR,12.0,12.8,12.0,13.6,1,2,0 16 17 18 19 20 21 22 23 24 26 29 30 31 32 33 39 40 41 42 43 44 45 51 52 53 54 55 56 57,3829969,
0642,24,PIR,16.8,16.8,28.0,16.8,2,1,0 14 15 16 17 18 19 20 21 22 23 24 26 29 30 31 32 33 40 41 42 43 44 45 51 52 53 54 55 56 57,3215551,
0644,24,PIR,16.0,15.2,16.0,15.2,1,1,0 16 17 18 19 20 21 22 23 24 26 29 30 31 32 33 39 40 41 42 43 44 45 51 52 53 54 55 56 57,4639384,
0646,24,PIR,14.4,16.0,14.4,16.0,1,3,0 15 16 17 18 19 20 21 22 23 24 26 29 30 31 32 33 39 41 42 43 44 45 53 54 55 56 57,3476031,
0648,24,PIR,20.8,18.4,20.8,18.4,1,1,0 15 16 17 18 19 20 21 22 23 24 26 29 30 31 32 33 38 39 40 41 42 43 44 45 50 51 52 53 54 55 56 57,4075797,
0649,24,PIR,15.2,15.2,15.2,15.2,1,1,0 13 14 15 16 17 18 19 20 21 22 23 24 26 29 30 31 32 33 38 39 40 41 42 43 44 45 50 51 52 53 54 55 56 57,5306629,
0651,24,PIR,21.6,21.6,21.6,21.6,1,1,0 11 12 13 14 15 16 17 18 19 20 21 22 23 24 26 29 30 31 32 33 38 39 40 41 42 43 44 45 51 52 53 54 55 56 57,3821109,
0652,24,PIR,12.0,17.6,33.6,32.8,4,2,0 13 14 15 16 17 18 19 20 21 22 23 24 26 29 30 31 32 33 38 39 40 41 42 43 44 45 49 50 51 52 53 54 55 56 57,4487583,
0654,24,PIR,11.2,9.6,16.0,9.6,2,1,0 14 15 16 17 18 19 20 21 22 23 24 26 29 30 31 32 33 38 39 40 41 42 43 44 45 50 51 52 53 54 55 56 57,2999281,
0655,24,PIR,18.4,20.8,18.4,33.6,1,2,0 14 15 16 17 18 19 20 21 22 23 24 26 29 30 31 32 33 37 38 39 40 41 42 43 44 45 50 51 52 53 54 55 56 57,4467874,
0656,24,PIR,13.6,19.2,13.6,19.2,1,1,0 18 19 20 21 22 23 24 26 29 30 31 32 33 39 40 41 42 43 44 45 51 52 53 54 55 56 57,4266283,
0658,24,PIR,16.0,16.8,16.0,16.8,1,1,0 16 17 18 19 20 21 22 23 24 26 29 30 31 32 33 38 39 40 41 42 43 44 45 51 52 53 54 55 56 57,4886628,
0660,24,PIR,12.8,13.6,12.8,13.6,1,1,0 16 17 18 19 20 21 22 23 24 26 29 30 31 32 33 39 40 41 42 43 44 45 52 53 54 55 56 57 75,3543092,
0661,24,PIR,10.4,11.2,10.4,11.2,1,1,0 18 19 20 21 22 23 24 26 29 30 31 32 33 40 41 42 43 44 45 52 53 54 55 56 57,2394590,
0663,24,PIR,17.6,17.6,17.6,29.6,1,2,0 15 16 17 18 19 20 21 22 23 24 26 29 30 31 32 33 39 40 41 42 43 44 45 51 52 53 54 55 56 57,3246034,
0664,24,PIR,15.2,14.4,20.8,14.4,2,1,0 14 15 16 17 18 19 20 21 22 23 24 26 29 30 31 32 33 37 38 39 40 41 42 43 44 45 50 51 52 53 54 55 56 57,2442981,
0665,24,PIR,16.8,17.6,16.8,29.6,1,2,0 11 12 13 14 15 16 17 18 19 20 21 22 23 24 26 29 30 31 32 33 38 39 40 41 42 43 44 45 50 51 52 53 54 55 56 57,4035512,
0666,24,PIR,15.2,19.2,15.2,19.2,1,1,0 16 17 18 19 20 21 22 23 24 26 29 30 31 32 33 40 41 42 43 44 45 50 51 52 53 54 55 56 57,4726044,
0667,24,PIR,13.6,13.6,13.6,13.6,1,1,0 18 19 20 21 22 23 24 26 29 30 31 32 33 40 41 42 43 44 45 53 54 55 56 57,4553201,
0668,24,PIR,31.2,24.0,31.2,24.0,1,1,0 12 13 14 15 16 17 18 19 20 21 22 23 24 26 29 30 31 32 33 37 38 39 40 41 42 43 44 45 49 50 51 52 53 54 55 56 57,3857557,
0669,24,PIR,20.0,20.0,20.0,20.0,1,1,0 15 16 17 18 19 20 21 22 23 24 26 29 30 31 32 33 39 40 41 42 43 44 45 50 51 52 53 54 55 56 57,659955,
0671,24,PIR,15.2,19.2,15.2,19.2,1,2,0 13 14 15 16 17 18 19 20 21 22 23 24 26 29 30 31 32 33 39 40 41 42 43 44 45 51 52 53 54 55 56 57,4650785,
0672,24,PIR,24.8,25.6,28.8,37.6,2,2,0 13 14 15 16 17 18 19 20 21 22 23 24 26 29 30 31 32 33 39 40 41 42 43 44 50 51 52 53 54 55 56,4255832,
0674,24,PIR,15.0,20.0,15.0,20.0,2,1,0 16 17 18 19 20 21 22 23 24 26 29 30 31 32 33 39 40 41 42 43 44 45 51 52 53 54 55 56 57,894094,
0676,24,PIR,10.4,13.6,10.4,13.6,1,1,0 14 15 16 17 18 19 20 21 22 23 24 26 29 30 31 32 33 37 39 40 41 42 43 44 45 50 51 52 53 54 55 56 57,3295836,
0677,24,PIR,8.8,12.8,8.8,12.8,1,1,0 14 15 16 17 18 19 20 21 22 23 24 26 29 30 31 32 33 37 38 39 40 41 42 43 44 45 49 50 51 52 53 54 55 56 57,2788916,
0678,24,PIR,10.4,18.4,10.4,18.4,1,1,0 13 14 15 16 17 18 19 20 21 22 23 24 26 29 30 31 32 33 39 40 41 42 43 44 45 50 51 52 53 54 55 56 57,4538523,
0679,24,PIR,11.0,12.0,11.0,12.0,1,1,0 17 18 19 20 21 22 23 24 26 29 30 31 32 33 40 41 42 43 44 45 52 53 54 55 56 57,3629744,
0680,24,PIR,14.4,12.8,32.0,36.0,3,3,0 14 16 17 18 19 20 21 22 23 24 26 29 30 31 32 33 39 40 41 42 43 44 45 51 52 53 54 55 56 57 74 75,5242873,
0681,24,PIR,12.8,14.4,12.8,14.4,1,1,0 17 18 19 20 21 22 23 24 26 29 30 31 32 33 41 42 43 44 45 53 54 55 56 57,3405520,
0683,24,PIR,18.4,18.4,18.4,18.4,1,1,0 15 16 17 18 19 20 21 22 23 24 26 29 30 31 32 33 38 39 40 41 42 43 44 45 50 51 52 53 54 55 56 57,3444531,
0685,24,PIR,13.6,12.0,13.6,12.0,1,1,0 15 16 17 18 19 20 21 22 23 24 26 29 30 31 32 33 39 40 41 42 43 44 45 50 51 52 53 54 55 56 57,2702851,
0687,24,PIR,20.0,20.0,20.0,20.0,1,1,0 14 15 16 17 18 19 20 21 22 23 24 26 29 30 31 32 33 39 40 41 42 43 44 45 51 52 53 54 55 56 57,3303822,
0689,24,PIR,14.4,16.0,14.4,16.0,1,1,0 15 16 17 18 19 20 21 22 23 24 26 29 30 31 32 33 39 40 41 42 43 44 45 51 52 53 54 55 56 57,4672528,
0690,24,PIR,26.4,23.2,36.8,28.8,3,2,0 15 16 17 18 19 20 21 22 23 24 26 29 30 31 32 33 37 38 39 40 41 42 43 44 45 49 50 51 52 53 54 55 56 57,3967304,
0692,24,PIR,18.4,16.8,18.4,16.8,1,1,0 14 15 16 17 18 19 20 21 22 23 24 26 29 30 31 32 33 39 40 41 42 43 44 45 51 52 53 54 55 56 57,4798668,
0694,24,PIR,16.8,16.0,16.8,16.0,1,1,0 17 18 19 20 21 22 23 24 26 29 30 31 32 33 40 41 42 43 44 45 52 53 54 55 56 57,5273780,
0696,24,PIR,22.4,20.8,22.4,33.6,1,2,0 19 20 21 22 23 24 26 29 30 31 32 33 42 43 44 45 54 55 56 57,4728420,
0697,24,PIR,15.2,20.0,15.2,20.0,1,1,0 14 15 16 17 18 19 20 21 22 23 24 26 29 30 31 32 33 40 41 42 43 44 45 53 54 55 56 57,4109908,
0698,24,PIR,16.0,16.8,16.0,16.8,1,1,0 13 14 15 16 17 18 19 20 21 22 23 24 26 29 30 31 32 33 39 40 41 42 43 44 45 51 52 53 54 55 56 57,4026558,
0699,24,PIR,12.8,17.6,12.8,34.4,1,3,0 14 15 16 17 18 19 20 21 22 23 24 26 29 30 31 32 33 38 39 40 41 42 43 44 45 51 52 53 54 55 56 57,5488882,
0700,24,PIR,14.4,15.2,14.4,15.2,1,1,0 15 16 17 18 19 20 21 22 23 24 26 29 30 31 32 33 40 41 42 43 44 45 52 53 54 55 56 57,3359413,
0701,24,PIR,10.4,12.0,10.4,12.0,1,1,0 13 14 15 16 17 18 19 20 21 22 23 24 26 29 30 31 32 33 39 40 41 42 43 44 45 51 52 53 54 55 56 57,6711560,
0703,24,PIR,14.4,14.4,14.4,14.4,2,2,0 16 17 18 19 20 21 22 23 24 26 29 30 31 32 33 39 40 41 42 43 44 45 52 53 54 55 56 57,3536544,
0704,24,PIR,14.4,16.0,14.4,16.0,1,1,0 14 15 16 17 18 19 20 21 22 23 24 26 29 30 31 32 33 39 40 41 42 43 44 45 52 53 54 55 56 57,2991225,
0706,24,PIR,16.8,16.8,19.2,16.8,2,1,0 6 15 16 17 18 19 20 21 22 23 24 26 29 30 31 32 33 39 40 41 42 43 44 45 51 52 53 54 55 56 57,2415352,
0707,24,PIR,17.6,12.8,32.8,22.4,2,3,0 16 17 18 19 20 21 22 23 24 26 29 30 31 32 33 39 40 41 42 43 44 45 51 52 53 54 55 56 57,3121693,
0708,24,PIR,14.4,15.2,14.4,15.2,2,1,0 15 16 17 18 19 20 21 22 23 24 26 29 30 31 32 33 38 39 40 41 42 43 44 45 50 51 52 53 54 55 56 57,3115205,
0709,24,PIR,13.6,15.2,13.6,15.2,1,1,0 13 14 15 16 17 18 19 20 21 22 23 24 26 29 30 31 32 33 39 40 41 42 43 44 45 51 52 53 54 55 56 57,4274856,
0710,24,PIR,16.0,17.6,16.0,17.6,1,1,0 15 16 17 18 19 20 21 22 23 24 26 29 30 31 32 33 38 39 40 41 42 43 44 45 51 52 53 54 55 56 57,2800800,
0712,24,PIR,13.6,16.0,13.6,16.0,1,1,0 15 16 17 18 19 20 21 22 23 24 26 29 30 31 32 33 38 39 40 41 42 43 44 45 50 51 52 53 54 55 56 57,4053970,
0713,24,PIR,12.8,12.0,12.8,12.0,1,1,0 16 17 18 19 20 21 22 23 24 26 29 30 31 32 33 38 39 40 41 42 43 44 45 50 51 52 53 54 55 56 57,3257031,
0714,24,PIR,20.8,24.0,20.8,24.0,1,1,0 14 15 16 17 18 19 20 21 22 23 24 26 29 30 31 32 33 38 39 40 41 42 43 44 45 50 51 52 53 54 55 56 57,2910882,
0715,24,PIR,16.0,14.4,16.0,14.4,2,1,0 15 16 17 18 19 20 21 22 23 24 26 29 30 31 32 33 39 40 41 42 43 44 45 51 52 53 54 55 56 57,3059757,
0716,24,PIR,21.6,20.8,21.6,20.8,1,1,0 15 16 17 18 19 20 21 22 23 24 26 29 30 31 32 33 38 39 40 41 42 43 44 45 50 51 52 53 54 55 56 57,4688215,
0718,24,PIR,20.0,19.2,20.0,19.2,2,1,0 14 15 16 17 18 19 20 21 22 23 24 26 29 30 31 32 33 39 40 41 42 43 44 45 51 52 53 54 55 56 57,3736658,
0719,24,PIR,17.6,17.6,31.2,17.6,2,1,0 15 16 17 18 19 20 21 22 23 24 26 29 30 31 32 33 38 39 40 41 42 43 44 45 50 51 52 53 54 55 56 57,5363348,
0720,24,PIR,23.2,32.8,23.2,32.8,1,1,0 15 16 17 18 19 20 21 22 23 24 26 29 30 31 32 33 38 39 40 41 42 43 44 45 50 51 52 53 54 55 56 75,5520259,
0721,24,PIR,20.0,15.0,20.0,30.0,1,3,0 16 17 18 19 20 21 22 23 24 26 29 30 31 32 33 40 41 42 43 44 45 52 53 54 55 56 57,605566,
0723,24,PIR,21.6,17.6,21.6,17.6,1,1,0 14 15 16 17 18 19 20 21 22 23 24 26 29 30 31 32 33 39 40 41 42 43 44 45 51 52 53 54 55 56 57,3363258,
0724,24,PIR,16.0,20.8,16.0,20.8,1,1,0 14 15 16 17 18 19 20 21 22 23 24 26 29 30 31 32 33 39 40 41 42 43 44 45 52 53 54 55 56 57,4850020,
0726,24,PIR,14.4,16.8,14.4,16.8,1,1,0 15 16 17 18 19 20 21 22 23 24 26 29 30 31 32 33 39 40 41 42 43 44 45 51 52 53 54 55 56 57,3668066,
0728,24,PIR,20.0,19.2,20.0,19.2,1,1,0 15 16 17 18 19 20 21 22 23 24 26 29 30 31 32 33 38 39 40 41 42 43 44 45 50 51 52 53 54 55 56 57,5208531,
0730,24,PIR,13.6,13.6,13.6,14.4,1,2,0 13 14 15 16 17 18 19 20 21 22 23 24 26 29 30 31 32 33 39 40 41 42 43 44 45 50 51 52 53 54 55 56 57,2615297,
0731,24,PIR,12.8,11.2,12.8,11.2,1,1,0 15 16 17 18 19 20 21 22 23 24 26 29 30 31 32 33 39 40 41 42 43 44 45 52 53 54 55 56 57,3418376,
0732,24,PIR,16.8,15.2,16.8,15.2,1,1,0 13 14 15 16 17 18 19 20 21 22 23 24 26 29 30 31 32 33 39 40 41 42 43 44 45 50 51 52 53 54 55 56 57,4638924,
0733,24,PIR,14.4,14.4,14.4,14.4,1,1,0 18 19 20 21 22 23 24 26 29 30 31 32 33 40 41 42 43 44 45 53 54 55 56 57,3289305,
0735,24,PIR,17.6,11.2,17.6,11.2,2,1,0 16 17 18 19 20 21 22 23 24 26 29 30 31 32 33 39 40 41 42 43 44 45 51 52 53 54 55 56 57,4898110,
0737,24,PIR,16.0,17.6,16.0,17.6,1,1,0 14 15 16 17 18 19 20 21 22 23 24 26 29 30 31 32 33 39 40 41 42 43 44 45 51 52 53 54 55 56 57,4553677,
0738,24,PIR,24.0,23.2,24.0,23.2,2,1,0 14 15 16 17 18 19 20 21 22 23 24 26 29 30 31 32 33 38 39 40 41 42 43 44 45 50 51 52 53 54 55 56 57,4200923,
0740,24,PIR,18.4,19.2,18.4,19.2,1,1,0 16 17 18 19 20 21 22 23 24 26 29 30 31 32 33 41 42 43 44 45 53 54 55 56 57,3618885,
0741,24,PIR,16.8,14.4,16.8,14.4,1,1,0 17 18 19 20 21 22 23 24 26 29 30 31 32 33 41 42 43 44 45 53 54 55 56 57,4705260,
0742,24,PIR,16.8,13.6,16.8,13.6,1,1,0 15 16 17 18 19 20 21 22 23 24 26 29 30 31 32 33 39 40 41 42 43 44 45 51 52 53 54 55 56 57,3195122,
0744,24,PIR,18.4,16.8,18.4,16.8,1,2,0 13 14 15 16 17 18 19 20 21 22 23 24 26 29 30 31 32 33 40 41 42 43 44 45 51 52 53 54 55 56 57,4710892,
0746,24,PIR,11.2,17.6,11.2,17.6,1,1,0 14 15 16 17 18 19 20 21 22 23 24 26 29 30 31 32 33 39 40 41 42 43 44 45 51 52 53 54 55 56 57,3925819,
0748,24,PIR,11.2,12.0,11.2,12.0,1,1,0 14 15 16 17 18 19 20 21 22 23 24 26 29 30 31 32 33 38 39 40 41 42 43 44 45 50 51 52 53 54 55 56 57,3041507,
0750,24,PIR,12.8,14.4,12.8,14.4,1,1,0 17 18 19 20 21 22 23 24 26 29 30 31 32 33 39 40 41 42 43 44 45 51 52 53 54 55 56 57,3698190,
0752,24,PIR,14.4,13.6,23.2,13.6,3,1,0 16 17 18 19 20 21 22 23 24 26 29 30 31 32 33 39 40 41 42 43 44 45 51 52 53 54 55 56 57,3656816,
0754,24,PIR,14.4,14.4,14.4,14.4,1,1,0 13 14 15 16 17 18 19 20 21 22 23 24 26 29 30 31 32 33 36 37 38 39 40 41 42 43 44 45 49 50 51 52 53 54 55 56 57,4337562,
0755,24,PIR,16.8,12.8,16.8,12.8,1,1,0 16 17 18 19 20 21 22 23 24 26 29 30 31 32 33 39 40 41 42 43 44 45 51 52 53 54 55 56 57,4435728,
0756,24,PIR,18.4,20.8,18.4,20.8,1,1,0 15 16 17 18 19 20 21 22 23 24 26 29 30 31 32 33 38 39 40 41 42 43 44 45 50 51 52 53 54 55 56 57,5064951,
0758,24,PIR,20.0,16.0,20.0,16.0,1,1,0 17 18 19 20 21 22 23 24 26 29 30 31 32 33 40 41 42 43 44 45 52 53 54 55 56 57,4270266,
0760,23,PIR,17.6,16.8,17.6,16.8,1,1,0 15 16 17 18 19 20 21 22 23 26 29 30 31 32 33 38 39 40 41 42 43 44 45 50 51 52 53 54 55 56 57,4446750,
0762,24,PIR,16.8,19.2,32.8,19.2,2,1,0 15 16 17 18 19 20 21 22 23 24 26 29 30 31 32 33 37 38 39 40 41 42 43 44 45 49 50 51 52 53 54 55 56 57,3277318,
0763,24,PIR,11.2,14.4,11.2,14.4,1,1,0 16 17 18 19 20 21 22 23 24 26 29 30 31 32 33 39 40 41 42 43 44 45 50 51 52 53 54 55 56 57,3508773,
0765,24,PIR,19.2,22.4,19.2,22.4,1,1,0 15 16 17 18 19 20 21 22 23 24 26 29 30 31 32 33 38 39 40 41 42 43 44 45 50 51 52 53 54 55 56 57,4782390,
0766,24,PIR,16.0,16.8,16.0,16.8,1,1,0 14 15 16 17 18 19 20 21 22 23 24 26 29 30 31 32 33 38 39 40 41 42 43 44 45 50 51 52 53 54 55 56 57,3711254,
0767,24,PIR,16.0,13.6,16.0,16.8,1,3,0 13 14 15 16 17 18 19 20 21 22 23 24 26 29 30 31 32 33 38 39 40 41 42 43 44 45 50 51 52 53 54 55 56 57,4881126,
0768,24,PIR,16.0,17.6,16.0,17.6,1,1,0 15 16 17 18 19 20 21 22 23 24 26 29 30 31 32 33 40 41 42 43 44 45 52 53 54 55 56 57,2717089,
0770,24,PIR,14.4,12.8,14.4,19.2,1,2,0 14 15 16 17 18 19 20 21 22 23 24 26 29 30 31 32 33 39 40 41 42 43 44 45 51 52 53 54 55 56 57,3091148,
0772,24,PIR,16.0,14.4,16.0,14.4,1,1,0 18 19 20 21 22 23 24 26 29 30 31 32 33 40 41 42 43 44 45 53 54 55 56 57,4850770,
0774,24,PIR,14.4,16.0,14.4,16.0,1,1,0 17 18 19 20 21 22 23 24 26 29 30 31 32 33 39 40 41 42 43 44 45 52 53 54 55 56 57,3320914,
0776,24,PIR,13.6,13.6,13.6,13.6,1,1,0 14 15 16 17 18 19 20 21 22 23 24 26 29 30 31 32 33 39 40 41 42 43 44 45 51 52 53 54 55 56 57,3690070,
0778,24,PIR,17.6,18.4,17.6,18.4,1,1,0 14 15 16 17 18 19 20 21 22 23 24 26 29 30 31 32 33 39 40 41 42 43 44 45 50 51 52 53 54 55 56 57,3449348,
0780,24,PIR,20.0,16.8,20.0,16.8,1,1,0 12 13 14 15 16 17 18 19 20 21 22 23 24 26 29 30 31 32 33 39 40 41 42 43 44 45 51 52 53 54 55 56 57,2875964,
0781,24,PIR,18.4,17.6,18.4,17.6,1,1,0 13 14 15 16 17 18 19 20 21 22 23 24 26 29 30 31 32 33 38 39 40 41 42 43 44 45 50 51 52 53 54 55 56 57,4404416,
0782,24,PIR,16.0,18.4,16.0,18.4,1,1,0 16 17 18 19 20 21 22 23 24 26 29 30 31 32 33 39 40 41 42 43 44 45 51 52 53 54 55 56 57,4438745,
0783,24,PIR,12.8,14.4,12.8,14.4,1,1,0 14 15 16 17 18 19 20 21 22 23 24 26 29 30 31 32 33 38 39 40 41 42 43 44 45 51 52 53 54 55 56 57,5895477,
0785,23,PIR,12.0,8.8,16.0,8.8,2,1,0 15 16 17 18 19 20 21 22 23 26 29 30 31 32 33 39 40 41 42 43 44 52 53 54 55 56,4006714,
0787,23,PIR,10.4,13.6,10.4,13.6,1,1,0 18 19 20 21 22 23 26 29 30 31 32 33 41 42 43 44 45 52 53 54 55 56 57,3402622,
0789,24,PIR,14.4,18.4,14.4,18.4,1,1,0 15 16 17 18 19 20 21 22 23 24 26 29 30 31 32 33 40 41 42 43 44 45 52 53 54 55 56 57,3451815,
0790,24,PIR,12.0,10.4,12.0,10.4,1,1,0 16 17 18 19 20 21 22 23 24 26 29 30 31 32 33 39 40 41 42 43 44 45 51 52 53 54 55 56 57,4498358,
0792,24,PIR,18.4,16.0,18.4,16.0,1,1,0 14 15 16 17 18 19 20 21 22 23 24 26 29 30 31 32 33 38 39 40 41 42 43 44 45 50 51 52 53 54 55 56 57,4085185,
0793,24,PIR,11.2,14.4,11.2,14.4,1,1,0 17 18 19 20 21 22 23 24 26 29 30 31 32 33 39 40 41 42 43 44 45 51 52 53 54 55 56 57,2649941,
0794,24,PIR,17.6,18.4,17.6,20.8,1,2,0 16 17 18 19 20 21 22 23 24 26 29 30 31 32 33 38 39 40 41 42 43 44 45 51 52 53 54 55 56 57,2908005,
0795,24,PIR,16.0,19.2,28.0,26.4,3,2,0 17 18 19 20 21 22 23 24 26 29 30 31 32 33 38 39 40 41 42 43 44 45 51 52 53 54 55 56 57,4357137,
0797,24,PIR,16.8,14.4,16.8,14.4,1,1,0 16 17 18 19 20 21 22 23 24 26 29 30 31 32 33 38 39 40 41 42 43 44 45 51 52 53 54 55 56 57,3139804,
0799,24,PIR,20.8,21.6,20.8,21.6,1,1,0 15 16 17 18 19 20 21 22 23 24 26 29 30 31 32 33 38 39 40 41 42 43 44 45 50 51 52 53 54 55 56 57,5033871,
0801,24,PIR,,,,,,,0 15 16 17 18 19 20 21 22 23 24 26 29 30 31 32 33 40 41 42 43 44 45 52 53 54 55 56 57,2334078,
0802,24,PIR,14.4,12.8,28.0,12.8,2,1,0 14 15 16 17 18 19 20 21 22 23 24 26 29 30 31 32 33 39 40 41 42 43 44 45 51 52 53 54 55 56 57,3651382,
0804,24,PIR,17.6,17.6,17.6,17.6,1,1,0 14 15 16 17 18 19 20 21 22 23 24 26 29 30 31 32 33 37 38 39 40 41 42 43 44 45 49 50 51 52 53 54 55 56 57,4400586,
0805,24,PIR,10.4,14.4,10.4,14.4,1,1,0 16 17 18 19 20 21 22 23 24 26 29 30 31 32 33 39 40 41 42 43 44 45 51 52 53 54 55 56 57,4060354,
0807,24,PIR,20.0,20.0,20.0,20.0,1,1,0 11 12 13 14 15 16 17 18 19 20 21 22 23 24 26 29 30 31 32 33 38 39 40 41 42 43 44 45 49 50 51 52 53 54 55 56 57,5247465,
0808,24,PIR,20.0,20.0,20.0,20.0,1,1,0 14 15 16 17 18 19 20 21 22 23 24 26 29 30 31 32 33 38 39 40 41 42 43 44 45 50 51 52 53 54 55 56 57,4742920,
0809,24,PIR,20.0,13.1,20.0,13.1,1,1,0 15 16 17 18 19 20 21 22 23 24 26 29 30 31 32 33 38 39 40 41 42 43 44 45 50 51 52 53 54 55 56 57,6909791,
0811,24,PIR,14.4,15.2,30.4,15.2,3,1,0 15 16 17 18 19 20 21 22 23 24 26 29 30 31 32 33 39 40 41 42 43 44 45 51 52 53 54 55 56 57,4908911,
0812,24,PIR,19.2,34.4,19.2,34.4,1,1,0 14 15 16 17 18 19 20 21 22 23 24 26 29 30 31 32 33 39 40 41 42 43 44 45 50 51 52 53 54 55 56 57,4517086,
0814,24,PIR,15.2,25.6,19.2,30.4,2,2,0 14 15 16 17 18 19 20 21 22 23 24 26 29 30 31 32 33 40 41 42 43 44 45 51 52 53 54 55 56 57,2884033,
0816,24,PIR,13.6,14.4,13.6,30.4,1,2,0 18 19 20 21 22 23 24 255,106954740,
0818,24,PIR,20.0,16.0,20.0,16.0,1,1,0 15 16 17 18 19 20 21 22 23 24 26 29 30 31 32 33 40 41 42 43 44 45 51 52 53 54 55 56 57,4625542,
0819,24,PIR,13.6,19.2,13.6,19.2,1,1,0 15 16 17 18 19 20 21 22 23 24 26 29 30 31 32 33 38 39 40 41 42 43 44 45 50 51 52 53 54 55 56 57,3512010,
0820,24,PIR,12.8,12.0,12.8,12.0,1,1,0 13 14 15 16 17 18 19 20 21 22 23 24 26 29 30 31 32 33 39 40 41 42 43 44 45 51 52 53 54 55 56 57,3696715,
0821,24,PIR,16.0,16.8,16.0,16.8,1,1,0 12 13 14 15 16 17 18 19 20 21 22 23 24 26 29 30 31 32 33 39 40 41 42 43 44 45 51 52 53 54 55 56 57,3251056,
0822,24,PIR,14.4,15.2,14.4,15.2,1,1,0 13 14 15 16 17 18 19 20 21 22 23 24 26 29 30 31 32 33 38 39 40 41 42 43 44 45 50 51 52 53 54 55 56 57,5497954,
0823,24,PIR,18.4,16.8,18.4,16.8,1,2,0 15 16 17 18 19 20 21 22 23 24 26 29 30 31 32 33 38 39 40 41 42 43 44 45 51 52 53 54 55 56 57,2756925,
0824,24,PIR,16.0,18.4,16.0,20.0,1,2,0 13 14 15 16 17 18 19 20 21 22 23 24 26 29 30 31 32 33 37 38 39 40 41 42 43 44 45 50 51 52 53 54 55 56 57,4681504,
0825,24,PIR,12.8,16.8,12.8,16.8,1,1,0 14 15 16 17 18 19 20 21 22 23 24 26 29 30 31 32 33 37 38 39 40 41 42 43 44 45 49 50 51 52 53 54 55 56 57,4324196,
0827,24,PIR,16.0,14.4,16.0,14.4,1,1,0 13 14 15 16 17 18 19 20 21 22 23 24 26 29 30 31 32 33 38 39 40 41 42 43 44 45 50 51 52 53 54 55 56 57,3378773,
0828,24,PIR,16.8,18.4,16.8,18.4,1,1,0 13 14 15 16 17 18 19 20 21 22 23 24 26 29 30 31 32 33 39 40 41 42 43 44 45 51 52 53 54 55 56 57,3774516,
0829,24,PIR,12.8,10.4,12.8,10.4,1,1,0 12 13 14 15 16 17 18 19 20 21 22 23 24 26 29 30 31 32 33 38 39 40 41 42 43 44 45 50 51 52 53 54 55 56 57,4151330,
0830,24,PIR,16.8,15.2,32.8,25.6,2,2,0 11 12 13 14 15 16 17 18 19 20 21 22 23 24 26 29 30 31 32 33 38 39 40 41 42 43 44 45 50 51 52 53 54 55 56 57,4831653,
0831,25,PIR,24.8,25.6,24.8,25.6,1,1,0 17 18 19 20 21 22 23 24 25 26 29 30 31 32 33 39 40 41 42 43 44 45 51 52 53 54 55 56 57,6428375,
0833,24,PIR,21.6,12.0,21.6,12.0,1,1,0 15 16 17 18 19 20 21 22 23 24 26 29 30 31 32 33 39 40 41 42 43 44 45 50 51 52 53 54 55 56 57,3806101,
0835,24,PIR,15.2,18.4,15.2,18.4,1,1,0 12 13 14 15 16 17 18 19 20 21 22 23 24 26 29 30 31 32 33 38 39 40 41 42 43 44 45 50 51 52 53 54 55 56 57,4229139,
0837,24,PIR,29.6,19.2,29.6,19.2,1,1,0 14 15 16 17 18 19 20 21 22 23 24 26 29 30 31 32 33 38 39 40 41 42 43 44 45 50 51 52 53 54 55 56 57,4751070,
0839,24,PIR,21.6,24.0,21.6,24.0,1,1,0 15 16 17 18 19 20 21 22 23 24 26 29 30 31 32 33 38 39 40 41 42 43 44 45 50 51 52 53 54 55 56 57,4711964,
0840,24,PIR,12.8,12.0,12.8,12.0,1,1,0 18 19 20 21 22 23 24 26 29 30 31 32 33 40 41 42 43 44 45 51 52 53 54 55 56 57,3546703,
0842,24,PIR,13.6,15.2,13.6,15.2,1,1,0 15 16 17 18 19 20 21 22 23 24 26 29 30 31 32 33 39 40 41 42 43 44 45 51 52 53 54 55 56 57,5509970,
0843,24,PIR,18.4,15.2,18.4,15.2,1,1,0 15 16 17 18 19 20 21 22 23 24 26 29 30 31 32 33 39 40 41 42 43 44 45 51 52 53 54 55 56 57,3708270,
0844,24,PIR,20.0,17.6,20.0,17.6,1,1,0 14 15 16 17 18 19 20 21 22 23 24 26 29 30 31 32 33 38 39 40 41 42 43 44 45 50 51 52 53 54 55 56 57,4373870,
0845,24,PIR,14.4,13.6,14.4,13.6,1,1,0 14 15 16 17 18 19 20 21 22 23 24 26 29 30 31 32 33 39 40 41 42 43 44 45 52 53 54 55 56 57,2855870,
0847,24,PIR,13.6,15.2,13.6,15.2,1,1,0 16 17 18 19 20 21 22 23 24 26 29 30 31 32 33 39 40 41 42 43 44 45 51 52 53 54 55 56 57,3865152,
0849,24,PIR,16.8,15.2,16.8,15.2,1,1,0 17 18 19 20 21 22 23 24 26 29 30 31 32 33 41 42 43 44 45 52 53 54 55 56 57,3075971,
0851,24,PIR,16.8,27.2,16.8,27.2,1,1,0 16 17 18 19 20 21 22 23 24 26 29 30 31 32 33 40 41 42 43 44 45 52 53 54 55 56 57,2608970,
0853,24,PIR,18.4,18.4,18.4,18.4,1,1,0 12 13 14 15 16 17 18 19 20 21 22 23 24 26 29 30 31 32 33 38 39 40 41 42 43 44 45 51 52 53 54 55 56 57,3344131,
0854,24,PIR,12.8,12.8,26.4,24.8,3,2,0 14 15 16 17 18 19 20 21 22 23 24 26 29 30 31 32 33 40 41 42 43 44 45 52 53 54 55 56 57,3331571,
0855,24,PIR,31.2,32.0,31.2,32.0,1,1,0 15 16 17 18 19 20 21 22 23 24 26 29 30 31 32 33 38 39 40 41 42 43 44 45 51 52 53 54 55 56 57,4529360,
0857,24,PIR,15.2,16.0,15.2,16.0,1,1,0 17 18 19 20 21 22 23 24 26 29 30 31 32 33 39 40 41 42 43 44 45 52 53 54 55 56 57,2982670,
0859,24,PIR,15.2,21.6,15.2,27.2,1,2,0 16 17 18 19 20 21 22 23 24 26 29 30 31 32 33 39 40 41 42 43 44 45 50 51 52 53 54 55 56 57,2648401,
0861,24,PIR,12.8,12.0,12.8,12.0,1,1,0 16 17 18 19 20 21 22 23 24 26 29 30 31 32 33 39 40 41 42 43 44 45 51 52 53 54 55 56 57,3555249,
0863,24,PIR,24.0,23.2,24.0,23.2,1,1,0 16 17 18 19 20 21 22 23 24 26 29 30 31 32 33 39 40 41 42 43 44 45 51 52 53 54 55 56 57,4683295,
0865,24,PIR,26.4,28.8,26.4,28.8,1,1,0 14 15 16 17 18 19 20 21 22 23 24 26 29 30 31 32 33 40 41 42 43 44 45 52 53 54 55 56 57,2844148,
0867,24,PIR,17.6,13.6,29.6,31.2,3,3,0 16 17 18 19 20 21 22 23 24 26 29 30 31 32 33 40 41 42 43 44 45 51 52 53 54 55 56 57,3107449,
0868,24,PIR,19.2,38.4,19.2,38.4,1,1,0 16 17 18 19 20 21 22 23 24 26 29 30 31 32 33 39 40 41 42 43 44 45 51 52 53 54 55 56 57,4840515,
0869,24,PIR,18.4,20.0,18.4,20.0,1,1,0 14 15 16 17 18 19 20 21 22 23 24 26 29 30 31 32 33 39 40 41 42 43 44 45 51 52 53 54 55 56 57,5954546,
0870,24,PIR,15.2,12.8,15.2,12.8,1,1,0 16 17 18 19 20 21 22 23 24 26 29 30 31 32 33 39 40 41 42 43 44 45 51 52 53 54 55 56 57,4796448,
0871,24,PIR,16.0,15.2,16.0,15.2,1,1,0 15 16 17 18 19 20 21 22 23 24 26 29 30 31 32 33 38 39 40 41 42 43 44 45 50 51 52 53 54 55 56 57,4044895,
0873,24,PIR,20.0,16.0,20.0,16.0,1,1,0 14 15 16 17 18 19 20 21 22 23 24 26 29 30 31 32 33 38 39 40 41 42 43 44 45 51 52 53 54 55 56 57,4025492,
0874,24,PIR,16.8,15.2,25.6,15.2,2,1,0 14 15 16 17 18 19 20 21 22 23 24 26 29 30 31 32 33 38 39 40 41 42 43 44 45 51 52 53 54 55 56 57,4071504,
0875,23,PIR,12.0,15.2,12.0,24.0,1,2,0 16 17 18 19 20 21 22 23 26 29 30 31 32 33 39 40 41 42 43 44 51 52 53 54 55 56,5005393,
0876,24,PIR,13.6,13.6,13.6,13.6,1,1,0 14 15 16 17 18 19 20 21 22 23 24 26 29 30 31 32 33 38 39 40 41 42 43 44 45 50 51 52 53 54 55 56 57,5789185,
0877,24,PIR,13.6,14.4,36.0,14.4,2,1,0 16 17 18 19 20 21 22 23 24 26 29 30 31 32 33 37 38 39 40 41 42 43 44 45 49 50 51 52 53 54 55 56 57,4367766,
0878,24,PIR,14.4,13.6,14.4,13.6,1,1,0 17 18 19 20 21 22 23 24 26 29 30 31 32 33 40 41 42 43 44 45 51 52 53 54 55 56 57,4691943,
0880,24,PIR,10.4,10.4,10.4,10.4,1,1,0 16 17 18 19 20 21 22 23 24 26 29 30 31 32 33 38 39 40 41 42 43 44 45 50 51 52 53 54 55 56 57,2881739,
0882,24,PIR,12.8,13.6,12.8,26.4,2,3,0 13 14 15 16 17 18 19 20 21 22 23 24 26 29 30 31 32 33 39 40 41 42 43 44 45 50 51 52 53 54 55 56 57,2440967,
0883,24,PIR,16.0,16.0,16.0,16.0,1,1,0 16 17 18 19 20 21 22 23 24 26 29 30 31 32 33 39 40 41 42 43 44 45 51 52 53 54 55 56 57,3123011,
0884,24,PIR,16.0,18.4,16.0,18.4,1,1,0 14 15 16 17 18 19 20 21 22 23 24 26 29 30 31 32 33 39 40 41 42 43 44 45 51 52 53 54 55 56 57,4223699,
0885,24,PIR,11.2,12.0,11.2,12.0,1,1,0 15 16 17 18 19 20 21 22 23 24 26 29 30 31 32 33 38 39 40 41 42 43 44 45 50 51 52 53 54 55 56 57,4114605,
0887,24,PIR,19.2,16.8,19.2,16.8,1,1,0 13 14 15 16 17 18 19 20 21 22 23 24 26 29 30 31 32 33 39 40 41 42 43 44 45 51 52 53 54 55 56 57,3926491,
0889,24,PIR,16.8,16.8,16.8,38.4,1,2,0 14 15 16 17 18 19 20 21 22 23 24 26 29 30 31 32 33 38 39 40 41 42 43 44 45 50 51 52 53 54 55 56 57,5198391,
0890,24,PIR,17.6,17.6,17.6,17.6,1,1,0 17 18 19 20 21 22 23 24 26 29 30 31 32 33 40 41 42 43 44 45 52 53 54 55 56 57,2726101,
0892,24,PIR,29.6,19.2,29.6,21.6,1,2,0 16 17 18 19 20 21 22 23 24 26 29 30 31 32 33 39 40 41 42 43 44 45 52 53 54 55 56 57,3034689,
0894,24,PIR,12.8,15.2,12.8,15.2,1,1,0 17 18 19 20 21 22 23 24 26 29 30 31 32 33 40 41 42 43 44 45 51 52 53 54 55 56 57,3667012,
0895,24,PIR,16.0,14.4,28.0,14.4,2,1,0 17 18 19 20 21 22 23 24 26 29 30 31 32 33 40 41 42 43 44 51 52 53 54 55 56,3196375,
0896,24,PIR,18.4,12.8,18.4,12.8,1,1,0 14 15 16 17 18 19 20 21 22 23 24 26 29 30 31 32 33 38 39 40 41 42 43 44 45 50 51 52 53 54 55 56 57,4795284,
0898,24,PIR,17.6,17.6,17.6,17.6,1,1,0 13 14 15 16 17 18 19 20 21 22 23 24 26 29 30 31 32 33 38 39 40 41 42 43 44 45 50 51 52 53 54 55 56 57,3198627,
0899,24,PIR,16.8,11.2,16.8,11.2,2,1,0 10 11 12 13 14 15 16 17 18 19 20 21 22 23 24 26 29 30 31 32 33 36 37 38 39 40 41 42 43 44 45 48 49 50 51 52 53 54 55 56 57,4145279,
0901,24,PIR,18.4,18.4,18.4,18.4,1,1,0 17 18 19 20 21 22 23 24 26 29 30 31 32 33 39 40 41 42 43 44 45 51 52 53 54 55 56 57,3382783,
0902,24,PIR,16.8,19.2,16.8,19.2,1,1,0 13 14 15 16 17 18 19 20 21 22 23 24 26 29 30 31 32 33 37 38 39 40 41 42 43 44 45 49 50 51 52 53 54 55 56 57,4618502,
0904,24,PIR,16.8,11.2,16.8,11.2,1,1,0 14 15 16 17 18 19 20 21 22 23 24 26 29 30 31 32 33 39 40 41 42 43 44 45 51 52 53 54 55 56 57,5081772,
0905,24,PIR,14.4,14.4,14.4,14.4,1,1,0 15 16 17 18 19 20 21 22 23 24 26 29 30 31 32 33 38 39 40 41 42 43 44 45 51 52 53 54 55 56 57,3794713,
0907,24,PIR,17.6,16.8,17.6,16.8,1,1,0 15 16 17 18 19 20 21 22 23 24 26 29 30 31 32 33 38 39 40 41 42 43 44 45 50 51 52 53 54 55 56 57,3824916,
0909,24,PIR,22.4,30.4,22.4,30.4,1,1,0 15 16 17 18 19 20 21 22 23 24 26 29 30 31 32 33 39 40 41 42 43 44 45 50 51 52 53 54 55 56 57,3012927,
0910,24,PIR,38.4,38.4,38.4,38.4,3,1,0 11 12 13 14 15 16 17 18 19 20 21 22 23 24 26 29 30 31 32 33 38 39 40 41 42 43 44 45 50 51 52 53 54 55 56 57,3140278,
0911,24,PIR,10.4,10.4,10.4,10.4,1,1,0 18 19 20 21 22 23 24 26 29 30 31 32 33 40 41 42 43 44 45 52 53 54 55 56 57,3848087,
0913,24,PIR,14.4,14.4,21.6,14.4,3,1,0 14 15 16 17 18 19 20 21 22 23 24 26 29 30 31 32 33 38 39 40 41 42 43 44 45 51 52 53 54 55 56 57,5378380,
0914,24,PIR,13.6,13.6,24.8,13.6,2,1,0 17 18 19 20 21 22 23 24 26 29 30 31 32 33 38 39 40 41 42 43 44 45 50 51 52 53 54 55 56 57,3573214,
0915,24,PIR,20.0,13.6,20.0,13.6,1,1,0 14 15 16 17 18 19 20 21 22 23 24 26 29 30 31 32 33 39 40 41 42 43 44 45 51 52 53 54 55 56 57,2539302,
0917,24,PIR,11.2,11.2,11.2,11.2,1,1,0 16 17 18 19 20 21 22 23 24 26 29 30 31 32 33 39 40 41 42 43 44 45 51 52 53 54 55 56 57,3003419,
0919,24,PIR,13.6,9.6,13.6,9.6,1,1,0 13 14 15 16 17 18 19 20 21 22 23 24 26 29 30 31 32 33 38 39 40 41 42 43 44 45 51 52 53 54 55 56 57,2147291,
0921,24,PIR,23.2,22.4,23.2,22.4,1,1,0 13 14 15 16 17 18 19 20 21 22 23 24 26 29 30 31 32 33 39 40 41 42 43 44 45 50 51 52 53 54 55 56 57,5051147,
0923,24,PIR,20.8,14.4,20.8,14.4,1,1,0 16 17 18 19 20 21 22 23 24 26 29 30 31 32 33 39 40 41 42 43 44 45 51 52 53 54 55 56 57,3283453,
0925,24,PIR,13.6,14.4,13.6,14.4,1,1,0 16 17 18 19 20 21 22 23 24 26 29 30 31 32 33 41 42 43 44 45 53 54 55 56 57,3536885,
0927,24,PIR,24.0,10.4,28.0,10.4,2,1,0 12 13 14 15 16 17 18 19 20 21 22 23 24 26 29 30 31 32 33 38 39 40 41 42 43 44 45 50 51 52 53 54 55 56 57,4143303,
0928,24,PIR,14.4,20.0,14.4,20.0,1,2,0 16 17 18 19 20 21 22 23 24 26 29 30 31 32 33 39 40 41 42 43 44 45 51 52 53 54 55 56 57,4881627,
0929,24,PIR,13.6,14.4,13.6,14.4,1,1,0 16 17 18 19 20 21 22 23 24 26 29 30 31 32 33 40 41 42 43 44 45 52 53 54 55 56 57,4442324,
0931,24,PIR,,,,,,,0 16 17 18 19 20 21 22 23 24 26 29 30 31 32 33 40 41 42 43 44 45 52 53 54 55 56 57,3968657,
0932,24,PIR,13.6,20.8,30.4,32.0,3,2,0 16 17 18 19 20 21 22 23 24 26 29 30 31 32 33 40 41 42 43 44 45 51 52 53 54 55 56 57,4291252,
0933,24,PIR,21.6,19.2,21.6,19.2,1,1,0 14 15 16 17 18 19 20 21 22 23 24 26 29 30 31 32 33 40 41 42 43 44 45 52 53 54 55 56 57,5621767,
0935,24,PIR,11.2,14.4,11.2,14.4,1,1,0 14 15 16 17 18 19 20 21 22 23 24 26 29 30 31 32 33 40 41 42 43 44 45 51 52 53 54 55 56 57,2931123,
0937,24,PIR,11.2,12.0,11.2,12.0,1,1,0 17 18 19 20 21 22 23 24 26 29 30 31 32 33 40 41 42 43 44 45 52 53 54 55 56 57,3570650,
0938,24,PIR,13.6,20.0,13.6,20.0,1,1,0 15 16 17 18 19 20 21 22 23 24 26 29 30 31 32 33 38 39 40 41 42 43 44 45 50 51 52 53 54 55 56 57,3360227,
0940,24,PIR,13.6,13.6,13.6,17.6,1,2,0 14 15 16 17 18 19 20 21 22 23 24 26 29 30 31 32 33 39 40 41 42 43 44 45 50 51 52 53 54 55 56 57,3615770,
0941,24,PIR,11.2,14.4,11.2,24.0,1,2,0 15 16 17 18 19 20 21 22 23 24 26 29 30 31 32 33 41 42 43 44 45 53 54 55 56 57,2963804,
0943,24,PIR,17.6,17.6,17.6,17.6,1,1,0 16 17 18 19 20 21 22 23 24 26 29 30 31 32 33 39 40 41 42 43 44 45 51 52 53 54 55 56 57,3919139,
0945,24,PIR,18.4,12.0,18.4,12.0,1,1,0 14 15 16 17 18 19 20 21 22 23 24 26 29 30 31 32 33 40 41 42 43 44 45 51 52 53 54 55 56 57,3344647,
0946,24,PIR,17.6,17.6,17.6,17.6,1,1,0 15 16 17 18 19 20 21 22 23 24 26 29 30 31 32 33 39 40 41 42 43 44 45 51 52 53 54 55 56 57,4000898,
0947,24,PIR,13.6,12.0,13.6,12.0,1,1,0 13 14 15 16 17 18 19 20 21 22 23 24 26 29 30 31 32 33 38 39 40 41 42 43 44 45 50 51 52 53 54 55 56 57,4193113,
0948,24,PIR,16.8,16.8,16.8,16.8,1,1,0 17 18 19 20 21 22 23 24 26 29 30 31 32 33 39 40 41 42 43 44 45 51 52 53 54 55 56 57,3848292,
0950,25,PIR,16.0,20.8,16.0,20.8,1,2,0 15 16 17 18 19 20 21 22 23 24 25 26 29 30 31 32 33 39 41 42 43 44 45 52 53 54 55 56 57,2193490,
0952,24,PIR,13.6,12.8,13.6,12.8,1,1,0 17 18 19 20 21 22 23 24 26 29 30 31 32 33 39 40 41 42 43 44 45 51 52 53 54 55 56 57,3705294,
0954,24,PIR,16.0,16.0,28.0,16.0,2,1,0 16 17 18 19 20 21 22 23 24 26 29 30 31 32 33 39 40 41 42 43 44 45 51 52 53 54 55 56 57,5301425,
0956,24,PIR,21.6,22.4,21.6,22.4,1,1,0 14 15 16 17 18 19 20 21 22 23 24 26 29 30 31 32 33 38 39 40 41 42 43 44 45 50 51 52 53 54 55 56 57,4943768,
0957,24,PIR,12.0,16.0,12.0,16.0,1,1,0 13 14 15 16 17 18 19 20 21 22 23 24 26 29 30 31 32 33 38 39 40 41 42 43 44 45 50 51 52 53 54 55 56 57,3237397,
0959,24,PIR,20.8,17.6,27.2,17.6,2,1,0 13 14 15 16 17 18 19 20 21 22 23 24 26 29 30 31 32 33 38 39 40 41 42 43 44 45 50 51 52 53 54 55 56 57,5158321,
0960,25,PIR,18.4,15.2,18.4,15.2,1,1,0 16 17 18 19 20 21 22 23 24 25 26 29 30 31 32 33 39 40 41 42 43 44 45 51 52 53 54 55 56 57,2468764,
0962,24,PIR,12.8,12.8,12.8,12.8,1,1,0 15 16 17 18 19 20 21 22 23 24 26 29 30 31 32 33 38 39 40 41 42 43 44 45 50 51 52 53 54 55 56 57,3406842,
0964,24,PIR,12.0,13.6,12.0,13.6,1,1,0 14 15 16 17 18 19 20 21 22 23 24 26 29 30 31 32 33 38 39 40 41 42 43 44 45 51 52 53 54 55 56 57,3883291,
0965,24,PIR,19.2,17.6,19.2,17.6,1,1,0 15 16 17 18 19 20 21 22 23 24 26 29 30 31 32 33 39 40 41 42 43 44 45 51 52 53 54 55 56 57,4379273,
0967,24,PIR,32.0,16.0,32.0,16.0,1,1,0 16 17 18 19 20 21 22 23 24 26 29 30 31 32 33 39 40 41 42 43 44 45 51 52 53 54 55 56 57,3445127,
0969,24,PIR,17.6,15.2,24.8,15.2,3,1,0 16 17 18 19 20 21 22 23 24 26 29 30 31 32 33 39 40 41 42 43 44 45 52 53 54 55 56 57,1974568,
0971,24,PIR,11.2,12.0,11.2,12.0,1,1,0 14 15 16 17 18 19 20 21 22 23 24 26 29 30 31 32 33 39 40 41 42 43 44 45 50 51 52 53 54 55 56 57,2664744,
0972,24,PIR,14.4,17.6,14.4,17.6,1,1,0 15 16 17 18 19 20 21 22 23 24 26 29 30 31 32 33 38 39 40 41 42 43 44 45 50 51 52 53 54 55 56 57,4308919,
0973,24,PIR,15.2,13.6,15.2,13.6,1,1,0 15 16 17 18 19 20 21 22 23 24 26 29 30 31 32 33 38 39 40 41 42 43 44 45 51 52 53 54 55 56 57,5513974,
0974,24,PIR,21.0,24.0,21.0,24.0,1,1,0 14 15 16 17 18 19 20 21 22 23 24 26 29 30 31 32 33 39 40 41 42 43 44 45 50 51 52 53 54 55 56 57,3949829,
0975,24,PIR,12.8,11.2,12.8,11.2,1,1,0 14 15 16 17 18 19 20 21 22 23 24 26 29 30 31 32 33 38 39 40 41 42 43 44 45 51 52 53 54 55 56 57,3417808,
0976,24,PIR,14.4,15.2,14.4,15.2,1,1,0 15 16 17 18 19 20 21 22 23 24 26 29 30 31 32 33 39 40 41 42 43 44 45 51 52 53 54 55 56 57,4331968,
0978,24,PIR,9.6,13.6,28.0,22.4,3,2,0 15 16 17 18 19 20 21 22 23 24 26 29 30 31 32 33 39 40 41 42 43 44 45 51 52 53 54 55 56 57,3671229,
0980,24,PIR,14.4,14.4,14.4,14.4,1,1,0 14 15 16 17 18 19 20 21 22 23 24 26 29 30 31 32 33 39 40 41 42 43 44 45 51 52 53 54 55 56 57,3156023,
0981,24,PIR,19.2,21.6,19.2,21.6,1,1,0 12 13 14 15 16 17 18 19 20 21 22 23 24 26 29 30 31 32 33 37 38 39 40 41 42 43 44 45 50 51 52 53 54 55 56 57,4483171,
0982,24,PIR,23.2,16.8,23.2,24.8,1,2,0 15 16 17 18 19 20 21 22 23 24 26 29 30 31 32 33 39 40 41 42 43 44 45 51 52 53 54 55 56 57,3063468,
0984,24,PIR,16.8,18.4,16.8,18.4,1,1,0 18 19 20 21 22 23 24 26 29 30 31 32 33 39 40 41 42 43 44 45 51 52 53 54 55 56 57,3866107,
0986,24,PIR,10.4,11.2,10.4,11.2,1,1,0 14 15 16 17 18 19 20 21 22 23 24 26 29 30 31 32 33 41 42 43 44 45 53 54 55 56 57,3492020,
0987,24,PIR,32.8,35.2,32.8,35.2,1,1,0 13 14 15 16 17 18 19 20 21 22 23 24 26 29 30 31 32 33 38 39 40 41 42 43 44 45 50 51 52 53 54 55 56 57,4274173,
0989,24,PIR,15.2,12.0,15.2,12.0,1,1,0 18 19 20 21 22 23 24 26 29 30 31 32 33 40 41 42 43 44 45 52 53 54 55 56 57,6301723,
0991,24,PIR,14.4,20.0,14.4,20.0,1,1,0 15 16 17 18 19 20 21 22 23 24 26 29 30 31 32 33 38 39 40 41 42 43 44 45 51 52 53 54 55 56 57,6132302,
0993,24,PIR,12.8,14.4,12.8,14.4,1,1,0 15 16 17 18 19 20 21 22 23 24 26 29 30 31 32 33 39 40 41 42 43 44 45 51 52 53 54 55 56 57,3218251,
0994,24,PIR,24.0,16.0,24.0,16.0,1,1,0 12 13 14 15 16 17 18 19 20 21 22 23 24 26 29 30 31 32 33 38 39 40 41 42 43 44 45 49 50 51 52 53 54 55 56 57,3997311,
0995,24,PIR,24.8,24.0,24.8,24.0,1,1,0 14 15 16 17 18 19 20 21 22 23 24 26 29 30 31 32 33 39 40 41 42 43 44 45 51 52 53 54 55 56 57,4738390,
0997,24,PIR,12.0,13.6,12.0,13.6,1,1,0 14 15 16 17 18 19 20 21 22 23 24 26 29 30 31 32 33 38 39 40 41 42 43 44 45 50 51 52 53 54 55 56 57,4266281,
0998,24,PIR,16.0,15.2,16.0,15.2,1,1,0 15 16 17 18 19 20 21 22 23 24 26 29 30 31 32 33 38 39 40 41 42 43 44 45 51 52 53 54 55 56 57,4300994,
0999,25,PIR,17.6,17.6,17.6,17.6,1,1,0 15 16 17 18 19 20 21 22 23 24 25 26 29 30 31 32 33 39 40 41 42 43 44 45 51 52 53 54 55 56 57,4698144,
1000,24,PIR,23.2,19.2,23.2,19.2,1,1,0 13 14 15 16 17 18 19 20 21 22 23 24 26 30 31 32 33 38 39 40 41 42 43 44 45 50 51 52 53 54 55 56 57,2625937,
1001,24,PIR,14.4,16.8,14.4,16.8,1,1,0 18 19 20 21 22 23 24 26 29 30 31 32 33 41 42 43 44 45 53 54 55 56 57,2116860,
1003,24,PIR,13.6,15.2,13.6,30.4,1,2,0 16 17 18 19 20 21 22 23 24 26 29 30 31 32 33 39 40 41 42 43 44 45 51 52 53 54 55 56 57,6052507,
1004,24,PIR,13.6,12.0,13.6,12.0,1,1,0 16 17 18 19 20 21 22 23 24 26 29 30 31 32 33 39 40 41 42 43 44 45 52 53 54 55 56 57 74 75,3428376,
1005,24,PIR,21.6,19.2,21.6,19.2,1,1,0 18 19 20 21 22 23 24 26 29 30 31 32 33 40 41 42 43 44 45 52 53 54 55 56 57,5010681,
1007,24,PIR,13.6,14.4,13.6,14.4,1,1,0 15 16 17 18 19 20 21 22 23 24 26 29 30 31 32 33 38 39 40 41 42 43 44 45 51 52 53 54 55 56 57,3932589,
1008,24,PIR,12.0,11.2,12.0,11.2,1,1,0 15 16 17 18 19 20 21 22 23 24 26 29 30 31 32 33 38 39 40 41 42 43 44 45 51 52 53 54 55 56 57,5006532,
1009,24,PIR,15.0,16.0,24.0,21.0,3,6,0 15 16 17 18 19 20 21 22 23 24 26 29 30 31 32 33 40 41 42 43 44 45 52 53 54 55 56 57,4447075,
1010,24,PIR,14.0,19.0,14.0,19.0,1,1,0 16 17 18 19 20 21 22 23 24 26 29 30 31 32 33 39 40 41 42 43 44 45 52 53 54 55 56 57,3618437,
1012,24,PIR,18.0,19.0,18.0,29.0,1,2,0 14 15 16 17 18 19 20 21 22 23 24 26 29 30 31 32 33 39 40 41 42 43 44 45 52 53 54 55 56 57,2873338,
1014,24,PIR,17.6,16.0,17.6,16.0,1,1,0 14 15 16 17 18 19 20 21 22 23 24 26 29 30 31 32 33 40 41 42 43 44 45 52 53 54 55 56 57,4009029,
1016,24,PIR,16.8,16.0,16.8,16.0,1,1,0 16 17 18 19 20 21 22 23 24 26 29 30 31 32 33 38 39 40 41 42 43 44 45 50 51 52 53 54 55 56 57,7234947,
1018,24,PIR,10.4,12.0,10.4,12.0,1,1,0 18 19 20 21 22 23 24 26 29 30 31 32 33 39 40 41 42 43 44 45 52 53 54 55 56 57,4568194,
1020,24,PIR,19.2,18.4,19.2,18.4,1,1,0 15 16 17 18 19 20 21 22 23 24 26 29 30 31 32 33 38 39 40 41 42 43 44 45 50 51 52 53 54 55 56 57,4509381,
1022,24,PIR,17.6,15.2,17.6,15.2,1,1,0 15 16 17 18 19 20 21 22 23 24 26 29 30 31 32 33 39 40 41 42 43 44 45 51 52 53 54 55 56 57,3469371,
1023,24,PIR,13.6,14.4,21.6,23.2,2,2,0 13 14 15 16 17 18 19 20 21 22 23 24 26 29 30 31 32 33 37 38 39 40 41 42 43 44 45 49 50 51 52 53 54 55 56 57,2777596,
1024,24,PIR,16.8,21.6,16.8,21.6,1,1,0 13 14 15 16 17 18 19 20 21 22 23 24 26 29 30 31 32 33 37 38 39 40 41 42 43 44 45 50 51 52 53 54 55 56 57,4992247,
1026,24,PIR,17.6,18.4,17.6,18.4,1,1,0 14 15 16 17 18 19 20 21 22 23 24 26 29 30 31 32 33 38 39 40 41 42 43 44 45 50 51 52 53 54 55 56 57,4047108,
1027,24,PIR,13.0,13.0,13.0,13.0,1,1,0 17 18 19 20 21 22 23 24 26 29 30 31 32 33 39 40 41 42 43 44 45 51 52 53 54 55 56 57,3536812,
1029,24,PIR,18.4,16.0,18.4,16.0,1,1,0 16 17 18 19 20 21 22 23 24 26 29 30 31 32 33 38 39 40 41 42 43 44 45 50 51 52 53 54 55 56 57,3441103,
1031,23,PIR,24.0,13.0,31.0,34.0,2,4,0 15 16 17 18 19 20 21 22 23 26 29 30 31 32 33 39 40 41 42 43 44 45 51 52 53 54 55 56 57,3324889,
1033,24,PIR,18.4,19.2,18.4,19.2,1,1,0 15 16 17 18 19 20 21 22 23 24 26 29 30 31 32 33 39 40 41 42 43 44 45 51 52 53 54 55 56 57,2906363,
1035,24,PIR,20.8,16.0,20.8,16.0,1,1,0 14 15 16 17 18 19 20 21 22 23 24 26 29 30 31 32 33 39 40 41 42 43 44 45 51 52 53 54 55 56 57,5322762,
1036,24,PIR,16.8,17.6,16.8,17.6,2,1,0 13 14 15 16 17 18 19 20 21 22 23 24 26 29 30 31 32 33 39 40 41 42 43 44 45 51 52 53 54 55 56 57,4034001,
1037,24,PIR,12.8,16.8,30.4,16.8,2,2,0 15 16 17 18 19 20 21 22 23 24 26 29 30 31 32 33 39 40 41 42 43 44 45 51 52 53 54 55 56 57,4021681,
1038,24,PIR,13.6,14.4,13.6,14.4,1,1,0 17 18 19 20 21 22 23 24 26 29 30 31 32 33 39 40 41 42 43 44 45 51 52 53 54 55 56 57,4167649,
1039,24,PIR,16.0,11.2,16.0,11.2,1,1,0 13 14 15 16 17 18 19 20 21 22 23 24 26 29 30 31 32 33 39 40 41 42 43 44 45 51 52 53 54 55 56 57,5052324,
1040,24,PIR,28.8,26.4,28.8,26.4,1,1,0 14 15 16 17 18 19 20 21 22 23 24 26 29 30 31 32 33 38 39 40 41 42 43 44 45 50 51 52 53 54 55 56 57,5329237,
1042,24,PIR,13.6,10.4,13.6,10.4,1,1,0 14 15 16 17 18 19 20 21 22 23 24 26 29 30 31 32 33 38 39 40 41 42 43 44 45 50 51 52 53 54 55 56 57,3976252,
1043,24,PIR,18.4,20.8,26.4,20.8,2,2,0 13 14 15 16 17 18 19 20 21 22 23 24 26 29 30 31 32 33 37 38 39 40 41 42 43 44 49 50 51 52 53 54 55 56,4128355,
1044,24,PIR,12.8,12.8,12.8,12.8,1,1,0 14 15 16 17 18 19 20 21 22 23 24 26 29 30 31 32 33 38 39 40 41 42 43 44 45 51 52 53 54 55 56 57,3713094,
1045,24,PIR,11.2,12.0,11.2,12.0,1,1,0 16 17 18 19 20 21 22 23 24 26 29 30 31 32 33 38 39 40 41 42 43 44 45 51 52 53 54 55 56 57,4753082,
1046,24,PIR,12.8,17.6,20.0,17.6,2,1,0 15 16 17 18 19 20 21 22 23 24 26 29 30 31 32 33 39 40 41 42 43 44 45 52 53 54 55 56 57,3946204,
1048,24,PIR,15.2,16.0,15.2,16.0,1,1,0 15 16 17 18 19 20 21 22 23 24 26 29 30 31 32 33 38 39 40 41 42 43 44 45 50 51 52 53 54 55 56 57,3322233,
1050,24,PIR,13.6,14.4,13.6,14.4,1,1,0 15 16 17 18 19 20 21 22 23 24 26 29 30 31 32 33 38 39 40 41 42 43 44 45 51 52 53 54 55 56 57,2445926,
1052,24,PIR,15.2,16.0,15.2,16.0,1,1,0 16 17 18 19 20 21 22 23 24 26 29 30 31 32 33 40 41 42 43 44 45 52 53 54 55 56 57,3505308,
1053,25,PIR,32.8,31.2,32.8,31.2,1,1,0 13 14 15 16 17 18 19 20 21 22 23 24 25 26 29 30 31 32 33 40 41 42 43 44 45 52 53 54 55 56 57,3441008,
1054,24,PIR,11.2,13.6,11.2,13.6,1,1,0 14 15 16 17 18 19 20 21 22 23 24 26 29 30 31 32 33 39 40 41 42 43 44 45 50 51 52 53 54 55 56 57,3396892,
1055,24,PIR,12.0,12.0,12.0,12.0,1,1,0 15 16 17 18 19 20 21 22 23 24 26 29 30 31 32 33 39 40 41 42 43 44 45 51 52 53 54 55 56 57,3035760,
1056,24,PIR,14.4,10.4,20.0,10.4,2,1,0 17 18 19 20 21 22 23 24 26 29 30 31 32 33 40 41 42 43 44 45 52 53 54 55 56 57,4790158,
1057,24,PIR,15.2,13.6,15.2,13.6,1,1,0 16 17 18 19 20 21 22 23 24 26 29 30 31 32 33 39 40 41 42 43 44 45 51 52 53 54 55 56 57,4709311,
1058,24,PIR,20.0,19.2,20.0,19.2,1,1,0 14 15 16 17 18 19 20 21 22 23 24 26 29 30 31 32 33 37 38 39 40 41 42 43 44 45 49 50 51 52 53 54 55 56 57,5186930,
1059,24,PIR,17.6,18.4,17.6,18.4,1,1,0 16 17 18 19 20 21 22 23 24 26 29 30 31 32 33 39 40 41 42 43 44 45 51 52 53 54 55 56 57,5331210,
1061,24,PIR,12.8,12.0,12.8,23.2,1,2,0 16 17 18 19 20 21 22 23 24 26 29 30 31 32 33 41 42 43 44 45 53 54 55 56 57,3810048,
1062,24,PIR,13.6,24.0,13.6,28.0,1,3,0 16 17 18 19 20 21 22 23 24 26 29 30 31 32 33 39 40 41 42 43 44 45 51 52 53 54 55 56 57,3359958,
1064,24,PIR,16.8,16.8,16.8,16.8,1,1,0 13 15 16 17 18 19 20 21 22 23 24 26 29 30 31 32 33 40 41 42 43 44 45 52 53 54 55 56 57,3285605,
1065,24,PIR,17.6,16.0,17.6,16.0,1,1,0 14 15 16 17 18 19 20 21 22 23 24 26 29 30 31 32 33 38 39 40 41 42 43 44 45 49 50 51 52 53 54 55 56 57,3726847,
1066,24,PIR,15.0,17.0,15.0,22.0,1,2,0 15 16 17 18 19 20 21 22 23 24 26 29 30 31 32 33 39 40 41 42 43 44 45 50 52 53 54 55 56 57,2509511,
1068,24,PIR,16.8,26.4,16.8,26.4,1,1,0 16 17 18 19 20 21 22 23 24 26 29 30 31 32 33 38 39 40 41 42 43 44 45 50 51 52 53 54 55 56 57,4674471,
1069,24,PIR,19.2,14.4,19.2,14.4,1,1,0 13 14 15 16 17 18 19 20 21 22 23 24 26 29 30 31 32 33 38 39 40 41 42 43 44 45 50 51 52 53 54 55 56 57,4442940,
1070,24,PIR,14.0,18.0,14.0,19.0,1,2,0 13 14 15 16 17 18 19 20 21 22 23 24 26 29 30 31 32 33 37 38 39 40 41 42 43 44 45 49 50 51 52 53 54 55 56 57,3185350,
1072,24,PIR,17.6,15.2,24.8,15.2,3,1,0 14 15 16 17 18 19 20 21 22 23 24 26 29 30 31 32 33 37 38 39 40 41 42 43 44 45 49 50 51 52 53 54 55 56 57,4283015,
1073,24,PIR,14.4,12.8,14.4,12.8,1,1,0 15 16 17 18 19 20 21 22 23 24 26 29 30 31 32 33 40 41 42 43 44 45 52 53 54 55 56 57,4575722,
1075,24,PIR,16.8,16.8,16.8,16.8,1,1,0 15 16 17 18 19 20 21 22 23 24 26 29 30 31 32 33 38 39 40 41 42 43 44 50 51 52 53 54 55 56 57,3331756,
1077,24,PIR,16.0,16.0,16.0,16.0,1,1,0 13 14 15 16 17 18 19 20 21 22 23 24 26 29 30 31 32 33 39 40 41 42 43 44 45 51 52 53 54 55 56 57,4560829,
1078,24,PIR,12.8,13.6,12.8,13.6,1,1,0 16 17 18 19 20 21 22 23 24 26 29 30 31 32 33 39 40 41 42 43 44 45 51 52 53 54 55 56 57,3009888,
1079,24,PIR,15.2,20.0,15.2,20.0,1,1,0 13 14 15 16 17 18 19 20 21 22 23 24 26 29 30 31 32 33 39 40 41 42 43 44 45 51 52 53 54 55 56 57,3372230,
1080,24,PIR,12.0,13.6,12.0,13.6,1,1,0 14 15 16 17 18 19 20 21 22 23 24 26 29 30 31 32 33 37 38 39 40 41 42 43 44 45 50 51 52 53 54 55 56 57,3086975,
1082,24,PIR,16.0,18.4,24.0,18.4,2,1,0 15 16 17 18 19 20 21 22 23 24 26 29 30 31 32 33 39 40 41 42 43 44 45 51 52 53 54 55 56 57,6103296,
1084,24,PIR,14.4,12.8,14.4,12.8,1,1,0 14 15 16 17 18 19 20 21 22 23 24 26 29 30 31 32 33 38 39 40 41 42 43 44 45 49 50 51 52 53 54 55 56 57,6347770,
1085,24,PIR,15.2,15.2,20.8,15.2,2,2,0 15 16 17 18 19 20 21 22 23 24 26 29 30 31 32 33 39 40 41 42 43 44 45 51 52 53 54 55 56 57,5146493,
1087,24,PIR,15.2,16.0,15.2,16.0,1,1,0 13 14 15 16 17 18 19 20 21 22 23 24 26 29 30 31 32 33 39 40 41 42 43 44 45 51 52 53 54 55 56 57,3721922,
1088,24,PIR,14.4,12.8,14.4,12.8,1,1,0 15 16 17 18 19 20 21 22 23 24 26 29 30 31 32 33 38 39 40 41 42 43 44 45 50 51 52 53 54 55 56 57,3934254,
1089,24,PIR,14.4,14.4,14.4,14.4,1,1,0 13 14 15 16 17 18 19 20 21 22 23 24 26 29 30 31 32 33 38 39 40 41 42 43 44 45 50 51 52 53 54 55 56 57,3679792,
1090,24,PIR,21.6,20.8,21.6,20.8,1,1,0 15 16 17 18 19 20 21 22 23 24 26 29 30 31 32 33 40 41 42 43 44 45 52 53 54 55 56 57 74 75,2973267,
1092,24,PIR,16.8,18.4,16.8,18.4,2,1,0 14 15 16 17 18 19 20 21 22 23 24 26 29 30 31 32 33 39 40 41 42 43 44 45 51 52 53 54 55 56 57,4985069,
1093,24,PIR,16.8,16.0,16.8,16.0,1,1,0 13 14 15 16 17 18 19 20 21 22 23 24 26 29 30 31 32 33 38 39 40 41 42 43 44 45 50 51 52 53 54 55 56 57,5347239,
1094,24,PIR,17.6,17.6,17.6,17.6,1,1,0 14 15 16 17 18 19 20 21 22 23 24 26 29 30 31 32 33 38 39 40 41 42 43 44 45 50 51 52 53 54 55 56 57,3090706,
1096,24,PIR,17.6,20.8,17.6,36.8,1,3,0 16 17 18 19 20 21 22 23 24 26 29 30 31 32 33 38 39 40 41 42 43 44 45 51 52 53 54 55 56 57,4039256,
1098,24,PIR,13.6,15.2,13.6,15.2,1,1,0 15 16 17 18 19 20 21 22 23 24 26 29 30 31 32 33 39 40 41 42 43 44 45 51 52 53 54 55 56 57,3290728,
1100,24,PIR,16.8,16.8,16.8,16.8,1,1,0 14 15 16 17 18 19 20 21 22 23 24 26 29 30 31 32 33 40 41 42 43 44 45 52 53 54 55 56 57,3978368,
1101,24,PIR,17.6,17.6,17.6,17.6,1,1,0 15 16 17 18 19 20 21 22 23 24 26 29 30 31 32 33 39 40 41 42 43 44 45 51 52 53 54 55 56 57,4351953,
1103,24,PIR,14.4,14.4,14.4,14.4,1,1,0 13 14 15 16 17 18 19 20 21 22 23 24 26 29 30 31 32 33 38 39 40 41 42 43 44 45 50 51 52 53 54 55 56 57,4048707,
1104,24,PIR,17.6,20.8,17.6,20.8,1,1,0 17 18 19 20 21 22 23 24 26 29 30 31 32 33 40 41 42 43 44 45 52 53 54 55 56 57,4842888,
1106,24,PIR,12.8,10.4,12.8,25.6,1,3,0 20 21 22 23 24 26 29 30 31 32 33 40 41 42 43 44 45 53 54 55 56 57,3613017,
1107,24,PIR,12.0,13.6,12.0,13.6,1,1,0 17 18 19 20 21 22 23 24 26 29 30 31 32 33 39 40 41 42 43 44 45 51 52 53 54 55 56 57,4369923,
1108,24,PIR,13.6,12.8,13.6,38.4,1,2,0 13 14 15 16 17 18 19 20 21 22 23 24 26 29 30 31 32 33 39 40 41 42 43 44 45 51 52 53 54 55 56 57,3868152,
1110,24,PIR,15.2,31.2,15.2,36.0,2,2,0 15 16 17 18 19 20 21 22 23 24 26 29 30 31 32 33 40 41 42 43 44 45 52 53 54 55 56 57,4817506,
1111,24,PIR,13.6,18.4,18.4,18.4,2,1,0 18 19 20 21 22 23 24 26 29 30 31 32 33 40 41 42 43 44 45 52 53 54 55 56 57,5151244,
1113,24,PIR,31.2,17.6,31.2,17.6,1,1,0 14 15 16 17 18 19 20 21 22 23 24 26 29 30 31 32 33 39 40 41 42 43 44 45 51 52 53 54 55 56 57,3184625,
1114,24,PIR,12.8,12.0,28.0,24.8,4,3,0 17 18 19 20 21 22 23 24 26 29 30 31 32 33 40 41 42 43 44 45 52 53 54 55 56 57,3820140,
1116,24,PIR,17.6,18.4,17.6,18.4,1,1,0 13 14 15 16 17 18 19 20 21 22 23 24 26 29 30 31 32 33 40 41 42 43 44 45 52 53 54 55 56 57,3918806,
1118,24,PIR,12.8,11.2,12.8,11.2,1,1,0 17 18 19 20 21 22 23 24 26 29 30 31 32 33 39 40 41 42 43 44 45 51 52 53 54 55 56 57,2994632,
1119,24,PIR,23.2,24.0,23.2,24.0,1,1,0 14 15 16 17 18 19 20 21 22 23 24 26 29 30 31 32 33 37 38 39 40 41 42 43 44 45 49 50 51 52 53 54 55 56 57,4587881,
1120,24,PIR,19.2,17.6,19.2,17.6,1,1,0 17 18 19 20 21 22 23 24 26 29 30 31 32 33 39 40 41 42 43 44 45 51 52 53 54 55 56 57,5119427,
1121,24,PIR,13.6,16.0,13.6,16.0,1,1,0 13 14 15 16 17 18 19 20 21 22 23 24 26 29 30 31 32 33 38 39 40 41 42 43 44 45 50 51 52 53 54 55 56 57,5511239,
1122,24,PIR,14.4,12.8,14.4,12.8,2,1,0 13 14 15 16 17 18 19 20 21 22 23 24 26 29 30 31 32 33 40 41 42 43 44 45 52 53 54 55 56 57,3670253,
1123,24,PIR,,2.4,,2.4,,1,0 14 15 16 17 18 19 20 21 22 23 24 26 29 30 31 32 33 39 40 41 42 43 44 45 50 51 52 53 54 55 56 57,4562610,
1124,24,PIR,21.6,17.6,21.6,17.6,1,1,0 13 14 15 16 17 18 19 20 21 22 23 24 26 29 30 31 32 33 40 41 42 43 44 45 52 53 54 55 56 57,4732874,
1125,24,PIR,17.6,18.4,17.6,18.4,1,1,0 15 16 17 18 19 20 21 22 23 24 26 29 30 31 32 33 39 40 41 42 43 44 45 50 51 52 53 54 55 56 57,4121117,
1126,24,PIR,16.0,16.0,16.0,29.6,1,2,0 15 16 17 18 19 20 21 22 23 24 26 29 30 31 32 33 40 41 42 43 44 45 52 53 54 55 56 57,4577082,
1127,24,PIR,15.2,16.0,29.6,16.0,2,1,0 14 15 16 17 18 19 20 21 22 23 24 26 29 30 31 32 33 39 40 41 42 43 44 45 51 52 53 54 55 56 57,4325008,
1128,24,PIR,18.4,20.0,18.4,20.0,1,3,0 14 15 16 17 18 19 20 21 22 23 24 26 29 30 31 32 33 39 40 41 42 43 44 45 50 51 52 53 54 55 56 57,3735059,
1129,24,PIR,21.6,36.0,21.6,36.0,1,1,0 17 18 19 20 21 22 23 24 26 29 30 31 32 33 39 40 41 42 43 44 45 51 52 53 54 55 56 57,4525508,
1130,24,PIR,20.0,19.2,20.0,19.2,1,1,0 15 16 17 18 19 20 21 22 23 24 26 29 30 31 32 33 38 39 40 41 42 43 44 45 50 51 52 53 54 55 56 57,3530435,
1131,24,PIR,18.4,16.0,18.4,31.2,1,3,0 14 15 16 17 18 19 20 21 22 23 24 26 29 30 31 32 33 39 40 41 42 43 44 45 51 52 53 54 55 56 57,5900316,
1132,24,PIR,20.0,20.0,20.0,20.0,1,1,0 13 14 15 16 17 18 19 20 21 22 23 24 26 29 30 31 32 33 38 39 40 41 42 43 44 45 50 51 52 53 54 55 56 57,4096117,
1133,24,PIR,17.6,21.6,17.6,30.4,1,2,0 17 18 19 20 21 22 23 24 26 29 30 31 32 33 39 40 41 42 43 44 45 52 53 54 55 56 57,5690444,
1134,24,PIR,13.6,24.0,32.0,40.0,5,3,0 13 14 15 16 17 18 19 20 21 22 23 24 26 29 30 31 32 33 38 39 40 41 42 43 44 45 51 52 53 54 55 56 57,4312066,
1135,24,PIR,16.8,19.2,16.8,19.2,1,1,0 15 16 17 18 19 20 21 22 23 24 26 29 30 31 32 33 39 40 41 42 43 44 45 51 52 53 54 55 56 57,3058643,
1136,24,PIR,14.4,14.4,14.4,14.4,1,1,0 14 15 16 17 18 19 20 21 22 23 24 26 29 30 31 32 33 38 39 40 41 42 43 44 45 50 51 52 53 54 55 56 57,5437376,
1137,24,PIR,14.4,16.0,14.4,16.0,1,1,0 15 16 17 18 19 20 21 22 23 24 26 29 30 31 32 33 40 41 42 43 44 45 52 53 54 55 56 57,3158121,
1138,24,PIR,13.6,13.6,16.0,13.6,2,1,0 15 16 17 18 19 20 21 22 23 24 26 29 30 31 32 33 40 41 42 43 44 45 52 53 54 55 56 57,3640257,
1139,24,PIR,12.0,14.4,12.0,14.4,1,1,0 15 16 17 18 19 20 21 22 23 24 26 29 30 31 32 33 40 41 42 43 44 45 52 53 54 55 56 57,4673318,
1140,24,PIR,17.6,15.2,17.6,15.2,1,1,0 14 15 16 17 18 19 20 21 22 23 24 26 29 30 31 32 33 38 39 40 41 42 43 44 45 50 51 52 53 54 55 56 57,4670659,
1141,24,PIR,19.2,18.4,19.2,18.4,1,1,0 16 17 18 19 20 21 22 23 24 26 29 30 31 32 33 38 39 40 41 42 43 44 45 50 51 52 53 54 55 56 57,4920999,
1142,24,PIR,17.6,12.0,17.6,12.0,3,1,0 15 16 17 18 19 20 21 22 23 24 26 29 30 31 32 33 40 41 42 43 44 45 52 53 54 55 56 57,2996729,
1143,24,PIR,19.2,17.6,19.2,17.6,1,1,0 14 15 16 17 18 19 20 21 22 23 24 26 29 30 31 32 33 38 39 40 41 42 43 44 45 50 51 52 53 54 55 56 57,3741675,
1144,24,PIR,23.2,19.2,23.2,19.2,1,1,0 16 17 18 19 20 21 22 23 24 26 29 30 31 32 33 40 41 42 43 44 45 52 53 54 55 56 57,3351757,
1145,24,PIR,22.4,19.2,22.4,19.2,1,1,0 12 13 14 15 16 17 18 19 20 21 22 23 24 26 29 30 31 32 33 39 40 41 42 43 44 45 51 52 53 54 55 56 57,4153415,
1146,24,PIR,24.8,19.2,24.8,19.2,1,1,0 13 14 15 16 17 18 19 20 21 22 23 24 26 29 30 31 32 33 38 39 40 41 42 43 44 45 50 51 52 53 54 55 56 57,4689270,
1147,24,PIR,16.0,17.6,16.0,17.6,1,1,0 15 16 17 18 19 20 21 22 23 24 26 29 30 31 32 33 38 39 40 41 42 43 44 45 50 51 52 53 54 55 56 57,5262813,
1148,24,PIR,18.4,20.8,18.4,20.8,1,1,0 16 17 18 19 20 21 22 23 24 26 29 30 31 32 33 39 40 41 42 43 44 45 51 52 53 54 55 56 57,5118458,
1149,24,PIR,17.6,20.8,17.6,20.8,2,1,0 15 16 17 18 19 20 21 22 23 24 26 29 30 31 32 33 39 40 41 42 43 44 45 51 52 53 54 55 56 57,5505111,
1150,24,PIR,20.0,20.0,20.0,20.0,1,1,0 14 15 16 17 18 19 20 21 22 23 24 26 29 30 31 32 33 38 39 40 41 42 43 44 45 51 52 53 54 55 56 57,5087354,
1151,24,PIR,16.8,15.2,16.8,15.2,1,1,0 17 18 19 20 21 22 23 24 26 29 30 31 32 33 40 41 42 43 44 51 52 53 54 55 56,4518401,
1152,24,PIR,9.6,16.0,9.6,16.0,1,1,0 16 17 18 19 20 21 22 23 24 26 29 30 31 32 33 40 41 42 43 44 45 52 53 54 55 56 57,4014237,
1153,24,PIR,16.0,17.6,16.0,17.6,1,2,0 13 14 15 16 17 18 19 20 21 22 23 24 26 29 30 31 32 33 38 39 40 41 42 43 44 45 50 51 52 53 54 55 56 57,3626387,
1154,24,PIR,17.6,22.4,17.6,22.4,1,2,0 14 15 16 17 18 19 20 21 22 23 24 26 29 30 31 32 33 38 39 40 41 42 43 44 45 50 51 52 53 54 55 56 57,4365061,
